id,email,password,fname,lname,age,gender,weight,height
U6646700,çtaş828@gmail.com,+6cRhp8a3l$0,Çağatay,Taş,51,M,119,188
U5329013,nçetinkaya138@gmail.com,XL8WByL&uXQm,Nevin,Çetinkaya,52,F,51,162
U2887239,suluhan260@gmail.com,c!36LTnYmG0U,Sevgi,Uluhan,58,F,70,157
U7011322,ktokgöz418@gmail.com,EJdYU2M3jZ0&,Koray,Tokgöz,39,M,65,178
U3682625,kalp072@gmail.com,*kSlc0cuzYqY,Kader,Alp,37,F,51,162
U0398934,aersever596@gmail.com,@ros3^DIPzF8,Aylin,Ersever,27,O,84,172
U9279548,gcan288@gmail.com,r4&k1QVYW4+M,Gizem,Can,23,F,73,164
U5529672,ecan895@gmail.com,638j1u^PSCuw,Erem,Can,21,M,116,167
U5698199,ugüney418@gmail.com,6s+gs%iI5PDN,Umut,Güney,58,M,86,168
U1372853,eeren537@gmail.com,3W&QpAgELynU,Emine,Eren,43,F,70,174
U2029089,hçetin326@gmail.com,1LzdB$F1znQU,Hasan,Çetin,26,M,60,182
U2076116,syılmazer856@gmail.com,aIg2rY^9k9h8,Süleyman,Yılmazer,39,M,74,189
U6067505,fkaya776@gmail.com,af^&^DsK02kU,Füsun,Kaya,43,F,48,166
U8885458,gkara856@gmail.com,Fg8&Um0YGlH*,Gamze,Kara,47,F,65,167
U1448458,eyiğit627@gmail.com,gSN6HykVpM!C,Erhan,Yiğit,59,M,68,199
U0046102,dtaş104@gmail.com,Z7D#49VymnF7,Dilan,Taş,37,F,69,154
U8330957,rbaş964@gmail.com,*JnlTfYO8+Cd,Rüveyda,Baş,18,F,63,178
U6293161,stunçeri393@gmail.com,jvDU7N0u+jJE,Selçuk,Tunçeri,57,M,104,189
U2799372,hyiğit970@gmail.com,zNCk&4hS5nAq,Hazar,Yiğit,49,F,71,157
U3077959,eçetinkaya699@gmail.com,zM!Wmw9&CAk3,Erhan,Çetinkaya,54,M,112,185
U4505273,tbozkurt047@gmail.com,C1NZpn9Tv%*^,Tamer,Bozkurt,39,M,87,185
U6328793,dyiğit899@gmail.com,YQw8qzF+pg%+,Duygu,Yiğit,21,F,87,173
U5159935,eyıldız431@gmail.com,!#5AqsV*ByYa,Elif,Yıldız,50,F,74,162
U6587393,gdemiralp605@gmail.com,+n01Pmk5G%%y,Gizem,Demiralp,57,F,66,175
U0146236,eçakır011@gmail.com,q^$xIh&d#G1G,Ezgi,Çakır,58,F,75,169
U8833469,syılmaz341@gmail.com,Rp2jh4yvC+cW,Sultan,Yılmaz,37,F,70,174
U2815894,eyıldız874@gmail.com,$nVnDJ$U3Rya,Ebru,Yıldız,19,F,58,168
U5651982,zcan359@gmail.com,lF*vtDhwRgC5,Zeynep,Can,58,F,74,152
U7656419,ötokgöz350@gmail.com,AKng9S!sDb5p,Ömer,Tokgöz,42,M,71,197
U1951748,höztürk137@gmail.com,4r8JNLdkEeL^,Halil,Öztürk,56,M,113,174
U0234615,rbulut911@gmail.com,LkdF#r7vdx2P,Rıza,Bulut,51,M,85,195
U4014000,yersoy384@gmail.com,u%kxRn9#y3@X,Yağmur,Ersoy,23,F,46,153
U4541285,ttaş293@gmail.com,0Ul+3NzDq7W#,Tahir,Taş,33,M,94,200
U5825069,köztürk065@gmail.com,1k%whk0R+w^C,Kemal,Öztürk,24,M,65,165
U0997960,ytatlıtuğ954@gmail.com,#ZUkm#&95m2e,Yavuz,Tatlıtuğ,59,M,63,191
U1279131,oergüçlü201@gmail.com,W3vFPSk%pUBI,Orhan,Ergüçlü,29,M,88,199
U3151468,fkorkmaz370@gmail.com,e$jHOgq3JFP2,Ferit,Korkmaz,40,O,73,183
U6806811,saksoy721@gmail.com,+CN6dNE#i^jV,Selçuk,Aksoy,39,M,74,200
U7709739,osoykan293@gmail.com,ca31t5x#bTQ*,Orhan,Soykan,39,M,71,184
U4640211,çyeşiltaş589@gmail.com,P1+!r#NsieXD,Çağatay,Yeşiltaş,28,M,120,193
U4013662,aerçel325@gmail.com,65EG8%7^fi*b,Anıl,Erçel,59,M,69,176
U7677339,ugöktürk342@gmail.com,5lYlw%F7gIu5,Umut,Göktürk,59,M,102,191
U4618357,fgüzel455@gmail.com,@T%fzX6cS@TK,Feride,Güzel,54,F,64,163
U9257493,bbilgiç658@gmail.com,l9VSNKe^81@^,Batuhan,Bilgiç,31,M,115,180
U1241600,möztürk541@gmail.com,U#IAb!&Lk5Jv,Metin,Öztürk,53,M,67,198
U6526995,eözer921@gmail.com,%^1O#ov8N@Ol,Eren,Özer,58,M,98,179
U9564085,aergenç077@gmail.com,T#ruY8Zql+^$,Aziz,Ergenç,22,M,86,187
U9267020,mkoçak590@gmail.com,YeM9m^$h5*#a,Melike,Koçak,22,F,72,157
U8660914,cçelik714@gmail.com,YDI&!e0mEh&M,Can,Çelik,35,M,102,180
U5562193,rtekin839@gmail.com,uhDa6EY3in7%,Rıza,Tekin,49,M,95,196
U3617227,kkaya400@gmail.com,j4ReD#2*61vw,Kubilay,Kaya,25,M,82,174
U4208982,serçel204@gmail.com,5xLo7K5F!q+K,Sema,Erçel,19,F,69,163
U1099369,ayücel768@gmail.com,Wv$8i39g9*4!,Ali Asaf,Yücel,33,M,102,169
U0538728,huçar836@gmail.com,E7N8!W^^8d#k,Hamdi,Uçar,22,M,118,171
U1318879,fyücel274@gmail.com,aCK!CIFkIQ*4,Furkan,Yücel,56,M,106,194
U8666197,ddeniz184@gmail.com,6#IdBOje*b8Q,Duygu,Deniz,24,F,49,152
U8540826,naktaş139@gmail.com,X5#8j$Lrm28f,Nur,Aktaş,31,F,53,173
U5027655,ter493@gmail.com,5BOStYcce^J1,Tahir,Er,46,M,110,175
U6723179,öeren423@gmail.com,#&11JmDNw7$n,Ömer,Eren,42,M,102,172
U1491039,tkaraca586@gmail.com,LW^P@*djaON2,Tahir,Karaca,39,M,93,195
U9490712,uarslan186@gmail.com,5#wOia7uo0%v,Uğur,Arslan,34,M,101,192
U0176748,odoğan449@gmail.com,GiaJ5+0czY9O,Okan,Doğan,35,M,65,189
U4807533,eyeşiltaş485@gmail.com,xz#^53E1umeD,Elif,Yeşiltaş,48,F,62,168
U9349045,atürkmen557@gmail.com,m9+*RlQ$!3aH,Ahmet,Türkmen,58,M,103,193
U9555808,tdoğan827@gmail.com,494$C$0fYq*T,Tolga,Doğan,19,M,73,185
U6190900,htürkmen083@gmail.com,nm4&H!!nkoD3,Halime,Türkmen,29,F,82,154
U7218969,gkabadayı255@gmail.com,Q5d+Fp%k772M,Gizem,Kabadayı,51,F,53,176
U8370968,zköse409@gmail.com,pyy!lZCi#D2g,Zeynep,Köse,25,F,45,166
U7699893,etekin574@gmail.com,Xrk29mb%f2Ic,Ece,Tekin,50,F,49,162
U5105207,yköse542@gmail.com,ja3x5K&xu#N!,Yonca,Köse,31,F,66,159
U9379514,fkaya020@gmail.com,BIh8a27^2cZS,Ferit,Kaya,57,O,52,174
U3190263,gyılmaz588@gmail.com,6GgAc1ZxB!3P,Gökhan,Yılmaz,60,M,115,196
U5095566,aaktaş941@gmail.com,qi&&3o+&yR9F,Ataberk,Aktaş,37,M,96,166
U9066112,syeşiltaş531@gmail.com,pH8byHC&5Rkp,Serenay,Yeşiltaş,29,F,71,160
U2878942,aer777@gmail.com,^wFY5WEF4c!V,Ataberk,Er,57,M,115,179
U0727477,berdoğan587@gmail.com,*v92SNT2rh*9,Berfu,Erdoğan,29,F,59,173
U7378337,agüneş531@gmail.com,rp0%D4ol2Kmw,Adem,Güneş,29,M,61,185
U9972436,sbilgiç061@gmail.com,QGJ^BU##1ejM,Sevgi,Bilgiç,49,F,90,161
U1801772,i̇durmuş281@gmail.com,sVHhmAK3G#9#,İbrahim,Durmuş,48,M,98,198
U3701900,fbayraktar714@gmail.com,iZu%hKnwme4s,Fadime,Bayraktar,19,F,74,157
U3264264,saydın283@gmail.com,vDU9*5l^sI3u,Serap,Aydın,48,F,61,160
U9381698,mak409@gmail.com,yC1J%O4qO!A^,Mira,Ak,47,F,75,157
U8237394,ceren893@gmail.com,$gb^+WV6mruK,Cem,Eren,22,M,82,195
U9684996,huçar847@gmail.com,tj26+wFm+tkl,Hasan,Uçar,43,M,67,191
U6113685,stokgöz421@gmail.com,g6QK247@QXt%,Süleyman,Tokgöz,49,M,97,181
U5968800,mecevit719@gmail.com,8N4&WVVbsM5d,Melike,Ecevit,53,F,51,169
U9709844,yersever814@gmail.com,NAm%y7iUtuk$,Yağmur,Ersever,19,F,52,167
U2389554,psarıkaya513@gmail.com,&V7URROuQi36,Perihan,Sarıkaya,59,F,58,171
U0633845,egüngör999@gmail.com,%b7$Hp5^QgY2,Elif,Güngör,50,F,58,158
U1109588,duluhan316@gmail.com,4k7XP&Eiz6Rj,Dilara,Uluhan,26,F,60,174
U1332608,malp868@gmail.com,nTm7TF#!&XM%,Mustafa,Alp,18,M,101,165
U0151133,bgüngör709@gmail.com,!3mI@zKMipI0,Berkay,Güngör,26,M,74,191
U6300379,ukoçak943@gmail.com,PwKVPb8xIW&N,Uğur,Koçak,54,M,82,188
U5369172,baydın163@gmail.com,d$PyD8m8sNf^,Burcu,Aydın,51,F,72,171
U9435512,akoçak698@gmail.com,pN7kf8*FPsbX,Anıl,Koçak,53,M,76,188
U6129513,tak714@gmail.com,ZDqv5#RW!or0,Tayfun,Ak,30,M,100,185
U4859513,gyüret431@gmail.com,TB!a1i^Pf!gJ,Gürkan,Yüret,30,M,104,180
U3835020,sdemiralp789@gmail.com,wxFogQ*BTA37,Selda,Demiralp,27,F,47,155
U7642546,rkıran098@gmail.com,%O%hR3Xqr@F3,Rüveyda,Kıran,28,F,64,153
U2624940,lgündüz181@gmail.com,*e!i6Zn3afY%,Leyla,Gündüz,24,F,81,179
U1707283,ptürk776@gmail.com,%0wfdV3AP5he,Perihan,Türk,20,F,51,171
U0634357,lözer519@gmail.com,*6hR3GR023uw,Leyla,Özer,52,F,54,159
U7320707,adoğan478@gmail.com,jwM#4O6rN&6@,Ali,Doğan,22,M,68,165
U1801431,syüret266@gmail.com,tv2yUTx5FX!S,Serkan,Yüret,59,M,68,171
U9593098,eakgöz679@gmail.com,yMC&6PEx6q67,Erhan,Akgöz,46,M,65,186
U7916349,çakgöz019@gmail.com,j&7vjah^^G+d,Çağatay,Akgöz,19,M,114,173
U5583506,sşimşek487@gmail.com,lyS#2FVUGSpp,Serenay,Şimşek,19,F,70,167
U5671097,ygürsoy953@gmail.com,%FthdxBn4GWu,Yavuz,Gürsoy,56,M,84,173
U8898415,i̇gürsoy854@gmail.com,iu8is01%!yYY,İrem,Gürsoy,38,F,45,162
U5235670,gkılıç625@gmail.com,V$Wd^C^#4#z9,Gamze,Kılıç,44,F,49,172
U3783487,aerçel370@gmail.com,y#BVPJNsz1$h,Aylin,Erçel,43,F,71,173
U0249721,pyiğit319@gmail.com,*7dNT2vk994$,Pelin,Yiğit,55,O,89,180
U5608671,kalp755@gmail.com,Nv0UoFus*9eu,Kısmet,Alp,50,F,59,163
U1938549,i̇güneş864@gmail.com,qce*J0fyDF*#,İbrahim,Güneş,39,M,71,173
U8408774,dşahin220@gmail.com,n@3&K5AJpWYn,Derya,Şahin,48,F,52,157
U7000642,bpolat075@gmail.com,bFBB*24k8+8m,Berkay,Polat,52,M,78,167
U3106942,böztürk898@gmail.com,Qk+m28sE493S,Batuhan,Öztürk,26,M,61,191
U3256983,mgündüz321@gmail.com,XL+Z64$A+@h3,Murat,Gündüz,28,M,118,189
U4282430,ybilgiç632@gmail.com,!Jj1V$mmaaB%,Yonca,Bilgiç,40,F,87,164
U1178544,rkeskin419@gmail.com,RttDD@i#7@9e,Ramazan,Keskin,26,M,93,168
U7759118,der039@gmail.com,@aHgaAo@B1pB,Duygu,Er,23,F,51,171
U0240484,aköse505@gmail.com,Qc$mdqwqtnk2,Adem,Köse,35,M,94,191
U8313963,berçel767@gmail.com,!3iLhL%7O5HT,Banu,Erçel,59,F,51,174
U5005828,dşimşek490@gmail.com,d1IoTW5%H3Sz,Deniz,Şimşek,55,F,59,162
U5030697,ykaya048@gmail.com,Z#xf13tworeQ,Yonca,Kaya,27,F,70,174
U6970120,caslan697@gmail.com,xT8f0Jq+FsCU,Cemre,Aslan,57,F,48,163
U6570792,gkara711@gmail.com,^rv+8DGxw9dG,Gizem,Kara,37,F,85,159
U5923953,hbulut133@gmail.com,y7eIA@mB%^no,Hamdi,Bulut,23,M,114,197
U9664401,hyiğit071@gmail.com,oJ&Lf5Q0R8xr,Hamdi,Yiğit,46,M,76,175
U0507170,fsoysal476@gmail.com,F8zD@@FSe1#j,Ferit,Soysal,39,M,68,187
U4938622,mserez845@gmail.com,7W*oYdFv4lhP,Merve,Serez,31,F,75,166
U5871198,zaydın778@gmail.com,TMM!z@v5u0TD,Zeynep,Aydın,56,F,66,161
U7921334,fsarar089@gmail.com,t%*9+rUG!gZx,Figen,Sarar,18,F,65,170
U8165742,dçoban821@gmail.com,9BsSB*$w5FbF,Duygu,Çoban,24,F,71,152
U7968495,sçelik335@gmail.com,*In6PRb#AbdA,Sude,Çelik,30,F,68,162
U0530023,açoban971@gmail.com,W8qm+u#EOizF,Aslı,Çoban,21,F,69,153
U4898269,fdeniz997@gmail.com,6jN05Z*W^pzO,Figen,Deniz,40,F,63,159
U4826625,kerçel055@gmail.com,eZjm*uH&a9cl,Kutay,Erçel,46,M,87,192
U0399980,gbilgiç390@gmail.com,&A8O4rCjeR#8,Gamze,Bilgiç,28,F,73,174
U5308468,mtokgöz398@gmail.com,IdpYx5&33%+y,Murat,Tokgöz,49,M,77,190
U8502127,ucan893@gmail.com,u^O7%AbYO8Y2,Umut,Can,23,M,79,197
U8684229,akaya160@gmail.com,sMc!7gcydZKd,Ataberk,Kaya,39,M,69,182
U9739494,dakgöz966@gmail.com,Dage!f&WJ67k,Dilara,Akgöz,22,F,53,168
U4780916,btopçu840@gmail.com,ch6pyI$oK*$6,Burcu,Topçu,56,F,73,155
U7640108,mçetinkaya270@gmail.com,3dxj+NbCzw3Y,Murat,Çetinkaya,29,M,106,169
U9531532,hdemirci685@gmail.com,PxhDk9i2uya@,Hakan,Demirci,45,M,107,168
U8898147,şecevit977@gmail.com,G^5&lFb*EgJy,Şeyma,Ecevit,60,F,56,171
U6300473,agündüz754@gmail.com,z%DkoK4#sw1Q,Ayşe,Gündüz,21,F,48,162
U8867966,fkara175@gmail.com,W9tSqE2+aakG,Feride,Kara,60,F,46,158
U7236697,rkurt847@gmail.com,DXYNZM%Em6lQ,Recep,Kurt,36,M,69,170
U6162261,aöztürk207@gmail.com,!yNbC%p8!728,Alparslan,Öztürk,19,O,74,183
U0562245,eersoy513@gmail.com,xT3&1krv!L^Z,Esra,Ersoy,31,F,65,164
U2547946,stunçeri435@gmail.com,$*b8zxugM&8P,Sultan,Tunçeri,54,F,63,165
U5016385,öçetin114@gmail.com,j3mYqdB%*EtV,Ömer,Çetin,59,M,93,175
U5093139,hbozkaya066@gmail.com,1GbUMf71$+We,Hamdi,Bozkaya,49,M,98,199
U9433702,tyeşiltaş981@gmail.com,T@6w9P$4tFL2,Tahir,Yeşiltaş,46,M,63,183
U9746821,eözkan746@gmail.com,zpGL77P&CQo8,Emre,Özkan,47,M,120,185
U3388477,gkaya155@gmail.com,WMrTb0R2H!%d,Gökhan,Kaya,34,M,114,172
U5315813,bersoy286@gmail.com,!V*^7XtqXI3!,Batuhan,Ersoy,52,M,87,187
U3094816,ayücel763@gmail.com,i4km!RSvZ32y,Ali,Yücel,56,M,95,176
U7807199,adoğan113@gmail.com,&Hs$3coUURx1,Ali,Doğan,51,M,64,195
U5174379,buluhan859@gmail.com,8Tq&zl#SZ1+W,Berfin,Uluhan,29,F,58,156
U6038911,kyılmazer535@gmail.com,X@cDawMogU3D,Kutay,Yılmazer,18,M,106,168
U8348571,bköse571@gmail.com,eQyz$25S3epv,Berfin,Köse,60,F,58,162
U5271278,bköse194@gmail.com,XxAb2Rj8@eI%,Berfu,Köse,27,F,46,169
U3771812,dkorkmaz648@gmail.com,pGrHib$ZM+9i,Devin,Korkmaz,50,F,83,170
U7044675,bi̇nan736@gmail.com,u2ggh60+WTCe,Burak,İnan,29,M,62,190
U4014616,öyücel239@gmail.com,k0byE+@MSk41,Ömer Faruk,Yücel,26,M,93,196
U8470621,ayücel797@gmail.com,d77Tdii5#5ps,Alparslan,Yücel,31,M,119,199
U9958438,mkaraca559@gmail.com,0HDVrj#iyPod,Melike,Karaca,38,F,47,169
U9164091,pi̇nan634@gmail.com,Ep1M^f9#UqHR,Pelin,İnan,18,F,64,173
U5635673,ayılmazer090@gmail.com,iu^Lf+0YPhMC,Ayşe,Yılmazer,40,F,55,160
U3709004,tyiğit630@gmail.com,%5sazXZmHP&x,Tuba,Yiğit,33,F,69,152
U5174782,nuçar414@gmail.com,nM$s0M20Qc#d,Nil,Uçar,39,F,54,158
U9030500,dersoy967@gmail.com,lrO%!24+%cVZ,Deniz,Ersoy,49,F,64,173
U7187424,syılmazer880@gmail.com,dSy2z!3Q2GbI,Süleyman,Yılmazer,43,O,92,189
U8893556,hgöktürk872@gmail.com,VP!5^mpjDGk8,Hediye,Göktürk,35,F,63,175
U7540581,stürkmen168@gmail.com,Uf4oGuc%%ntl,Sibel,Türkmen,57,F,56,157
U9823122,akurt664@gmail.com,QQ8+W^QJ46#o,Aylin,Kurt,28,F,74,173
U3990335,oçetin007@gmail.com,mB%QY8tR8^Tv,Orhan,Çetin,33,M,69,196
U1100543,dbaş516@gmail.com,zXH1eJPiO#Wz,Deniz,Baş,54,M,93,171
U5794956,tdemiralp390@gmail.com,OMdUb^3SW^pq,Tahir,Demiralp,57,M,118,171
U3995793,kbayraktar593@gmail.com,KqXi!7!PaQFc,Kubilay,Bayraktar,22,M,66,165
U8732392,matalay889@gmail.com,FA^8RU76^cnE,Melike,Atalay,18,O,74,182
U8188967,eçetin187@gmail.com,*7GyRi^22AwF,Eda,Çetin,49,F,75,166
U1965372,tçoban730@gmail.com,d8wc9nEtU9#*,Tarık,Çoban,49,M,62,190
U9322711,mtürk906@gmail.com,MNn^4jVpm&*2,Melike,Türk,33,F,90,160
U0262416,geren603@gmail.com,2b3AI7oU45g&,Gül,Eren,32,F,52,155
U1055692,ndeniz213@gmail.com,mMD9S*+EAU4i,Nevin,Deniz,49,F,62,176
U7637558,acan444@gmail.com,i@0PSRZ#1bug,Ayten,Can,59,F,61,167
U2960508,oöztürk059@gmail.com,utEreO82&rdt,Orhan,Öztürk,35,M,91,188
U4469774,ştokgöz964@gmail.com,+aENTl9DQ&eZ,Şeyma,Tokgöz,56,F,72,152
U9732585,ademiralp282@gmail.com,3@Y!bs4&Dbj%,Aysu,Demiralp,52,F,46,153
U6034368,fgüzel228@gmail.com,hUO!%gvdK40h,Fadime,Güzel,57,F,74,168
U4140066,salp784@gmail.com,807KJD@dtVDr,Selin,Alp,34,F,51,172
U6986547,uavcı643@gmail.com,T9rK@YruR06%,Uğur,Avcı,19,M,90,182
U9785721,htopçu456@gmail.com,D6+XWjSZJdEu,Hazar,Topçu,27,F,62,171
U9207366,dtürk146@gmail.com,gUt%%Jt0r^2t,Derya,Türk,26,F,69,164
U3483264,ebozkurt248@gmail.com,qIicx1&Tb7PL,Ezgi,Bozkurt,32,O,53,162
U0980292,cdoğan485@gmail.com,#puzUxUc8zLM,Cansu,Doğan,60,F,54,161
U9238235,ştatlıtuğ570@gmail.com,trEu+Z*@tIs9,Şeyma,Tatlıtuğ,29,F,71,166
U7289504,kecevit811@gmail.com,ISRuX7^JllWT,Kısmet,Ecevit,52,O,83,186
U9756004,zsarıkaya107@gmail.com,f^slZ5UnIK%q,Zehra,Sarıkaya,38,F,62,157
U5398831,ekaraca161@gmail.com,9%WU!UtVsFoU,Eylül,Karaca,29,F,69,168
U7758713,bersoy549@gmail.com,keUGPkh*th1Q,Barış,Ersoy,19,M,85,168
U9744134,suluhan701@gmail.com,JV5dRu8!3sQ*,Serenay,Uluhan,57,F,58,157
U6454979,ctürkmen569@gmail.com,Xc3FNJVe*#64,Cihan,Türkmen,57,M,80,182
U7449078,söztürk729@gmail.com,yP&B1!OaUI#y,Sinan,Öztürk,38,M,71,187
U4721142,fyıldız839@gmail.com,2k#VVpG#*Ie9,Feride,Yıldız,32,F,68,154
U2807932,auçar479@gmail.com,z7+28zsm6#kN,Ali,Uçar,54,M,104,200
U4064695,şserez616@gmail.com,UywwXSo6BaB^,Şeyma,Serez,38,F,63,173
U4810544,gtaş536@gmail.com,j7d5+cB!0iXk,Gülsüm,Taş,44,F,57,152
U2745485,taslan982@gmail.com,Pglw3*YO+lcA,Tuncay,Aslan,19,M,78,187
U0569927,fsoykan934@gmail.com,#onufZZ1n7ol,Filiz,Soykan,40,F,75,163
U6619815,sözdemir074@gmail.com,*MJ0@Wdxm$Ss,Selda,Özdemir,27,F,87,152
U8984118,oak460@gmail.com,cL$i85^Ej2jj,Orhan,Ak,27,M,81,197
U6840771,dçetinkaya711@gmail.com,I5O%tWcXu9US,Derya,Çetinkaya,32,F,57,162
U9871931,gçetinkaya173@gmail.com,%XC81eryyVL@,Gül,Çetinkaya,54,F,47,165
U3398794,tözkan406@gmail.com,52BuzaU9&Ynk,Tuğba,Özkan,41,F,66,161
U4552151,zbilgiç195@gmail.com,I6ODH!kZA*7^,Zeliha,Bilgiç,52,F,70,172
U3603526,tyücel327@gmail.com,9Hw3Prn$yCXP,Tolga,Yücel,54,M,76,166
U4753531,hkaplan226@gmail.com,L8VmaG&u+Jb3,Hüseyin,Kaplan,18,M,106,166
U3205246,skıran069@gmail.com,b8dA6dZ*lP7u,Serkan,Kıran,55,M,97,188
U2334031,kyılmaz903@gmail.com,4nc2dpnwH*WR,Kaan,Yılmaz,48,M,80,195
U1681841,abilgiç299@gmail.com,cjYO#q9zwF8o,Anıl,Bilgiç,38,M,115,176
U4376394,eşimşek817@gmail.com,uJqGNwdRj!m7,Eren,Şimşek,38,M,76,192
U0467657,ckabadayı491@gmail.com,Uv2xGgW!eXnO,Cansu,Kabadayı,32,F,72,152
U8299800,yyılmaz550@gmail.com,iOFU60@!nyMi,Yonca,Yılmaz,53,F,73,172
U9007089,ötürkmen906@gmail.com,w2+bCIs#WbXe,Ömer,Türkmen,19,M,110,181
U8039354,sgünaydın974@gmail.com,5$D7tRQzFNeX,Selçuk,Günaydın,42,M,62,176
U3248443,tersoy118@gmail.com,j5tvKD6+UF1G,Tülin,Ersoy,24,F,78,166
U3025658,tkıran363@gmail.com,&jx%!wIbk2W%,Tolga,Kıran,60,O,81,177
U9757398,taslan952@gmail.com,O2YFLmKP*xMW,Tamer,Aslan,48,M,79,195
U7506768,i̇erçel228@gmail.com,8dhq+81z$1RK,İrem,Erçel,55,F,54,160
U9647752,etaş993@gmail.com,^#D0#Av$cV62,Ezgi,Taş,46,F,68,169
U7971161,fatalay345@gmail.com,51&*x&3CM0zV,Ferit,Atalay,56,M,74,197
U1951361,bdeniz301@gmail.com,l6@1c56wDfl^,Berkay,Deniz,27,M,87,181
U8366554,hpolat249@gmail.com,81JeDTg1$q1N,Hamdi,Polat,24,M,90,190
U9487093,sözdemir637@gmail.com,QuJ7Li*4k@*h,Serenay,Özdemir,56,F,51,157
U0080528,közdemir246@gmail.com,vb@I#ubK5jJS,Kemal,Özdemir,60,M,69,169
U3397695,ytunçeri438@gmail.com,lx#h1DX&o08Y,Yonca,Tunçeri,42,O,59,184
U8513268,ctürkmen437@gmail.com,T2%9^dWOepJe,Cansu,Türkmen,27,F,51,157
U3310340,kçoban684@gmail.com,p2R@0w*GWV04,Koray,Çoban,52,M,70,183
U4560977,rkaplan671@gmail.com,L*cgg*02k0EH,Recep,Kaplan,52,M,107,179
U6752665,lkaya445@gmail.com,OMp7z*NLi+@R,Lale,Kaya,54,F,74,174
U0362111,oözdoğan956@gmail.com,kCs*j9fK*WrX,Osman,Özdoğan,41,M,94,186
U9266870,byücel397@gmail.com,oGLGI@4%O20e,Barış,Yücel,20,M,72,183
U8126556,hboz988@gmail.com,!wjI*V37YBb2,Hakan,Boz,54,M,104,200
U0169501,cöztürk477@gmail.com,osl$4#sbDgS1,Cansu,Öztürk,57,F,64,163
U6586811,fkorkmaz301@gmail.com,iuC*r0YaSHbe,Fatih,Korkmaz,55,M,82,176
U5080031,rtaş663@gmail.com,u5byEIA^$9pi,Recep,Taş,59,O,99,185
U8680075,hköse887@gmail.com,jPUiOsM^6*l*,Hazar,Köse,51,F,52,173
U5401721,daydın668@gmail.com,2F@C7l+u@L!t,Duygu,Aydın,60,F,56,153
U4989468,esoysal953@gmail.com,sMUkH3Mc#XX+,Emre,Soysal,26,M,84,199
U9503178,lergüçlü526@gmail.com,m5J7fCczdC&*,Leyla,Ergüçlü,37,F,59,180
U8560084,obayraktar476@gmail.com,Ow$@1wKc^OjJ,Okan,Bayraktar,24,M,108,187
U4626744,asarıkaya621@gmail.com,T^zem5W8KZsk,Ali Asaf,Sarıkaya,53,M,98,166
U7118260,etaş551@gmail.com,HA3vz^z3WDmM,Elif,Taş,18,F,70,152
U2094350,kgöktürk353@gmail.com,*Vkv%0b0VeW$,Kemal,Göktürk,46,M,83,176
U2470796,ebulut746@gmail.com,a65hTXRBEQ^y,Efe,Bulut,44,M,74,177
U4296751,gçetin407@gmail.com,f$#6S4@wam0H,Gizem,Çetin,55,F,64,173
U9039672,kserez175@gmail.com,sucVs0oPgF@@,Kutay,Serez,37,M,82,174
U3812569,kkara722@gmail.com,AczhlWi+Fl8p,Kutay,Kara,23,M,89,196
U4818976,cbaş087@gmail.com,B19!w@Y2jO^M,Cem,Baş,53,M,71,181
U8584908,honay596@gmail.com,bq8oNWpMP*JI,Hakan,Onay,29,M,82,189
U0713717,vsarıkaya341@gmail.com,l^8KnN8+y*NH,Volkan,Sarıkaya,52,M,114,172
U0360260,oçetinkaya714@gmail.com,@lQB1s47*m!M,Okan,Çetinkaya,56,M,62,171
U4711461,syüce405@gmail.com,RJChFzP9w@YI,Serkan,Yüce,39,M,79,190
U6139121,skoç462@gmail.com,*1C9@A^E0MHa,Sude,Koç,24,F,84,179
U2045167,derdem691@gmail.com,1YL#b4pW2*5k,Deniz,Erdem,43,M,65,180
U2157891,zbozkurt594@gmail.com,N+h56r1hu9%b,Zehra,Bozkurt,27,F,51,174
U3273475,tşahin439@gmail.com,0$yQ5+Bgc!9L,Taner,Şahin,29,M,98,170
U5124504,eyiğit821@gmail.com,z8lEOtEjNwk@,Eda,Yiğit,45,F,65,170
U3937695,ecan349@gmail.com,ya9f+caY%kM9,Emre,Can,46,M,77,193
U7363784,gkaya057@gmail.com,8Y0W^7iOV0ex,Gökhan,Kaya,24,M,80,173
U8046920,ctatlıtuğ669@gmail.com,d@@4Nn5$%+AL,Canan,Tatlıtuğ,60,O,89,171
U9236654,ademirci083@gmail.com,L*vKkUbArcb7,Ali Asaf,Demirci,55,M,84,185
U0274067,barslan908@gmail.com,IU8wz#f#uQkv,Barış,Arslan,44,M,62,194
U6883558,karslan330@gmail.com,gID5%jPkAOlT,Kutay,Arslan,43,M,98,170
U8134307,tbilgiç614@gmail.com,&wk5qpXbK5dd,Tamer,Bilgiç,40,M,77,177
U9777947,etunçeri694@gmail.com,Bumd!dLHc8G3,Ezgi,Tunçeri,56,F,63,171
U9071466,eyılmazer093@gmail.com,B^k9Xn^A9p2*,Ebru,Yılmazer,46,F,51,160
U2090219,kavcı724@gmail.com,h2AEIdc7Yy&l,Koray,Avcı,39,M,110,199
U5670634,etokgöz355@gmail.com,nMoi*YL!C3I4,Esra,Tokgöz,33,F,52,173
U5946019,uöztürk007@gmail.com,*E6JyBk1lHRg,Umut,Öztürk,30,M,105,197
U1708720,cdemirci233@gmail.com,EnKa19Mz#sjY,Cansu,Demirci,43,F,82,154
U5170152,tkeskin657@gmail.com,+AbYcWv0b5A+,Taner,Keskin,51,M,118,172
U5185728,zcan931@gmail.com,VFzwlXNQk$d3,Zerrin,Can,33,O,91,187
U1349986,akabadayı094@gmail.com,DzM&9k0QP#^Z,Ayten,Kabadayı,30,F,54,156
U9679358,rerdem483@gmail.com,&mVIv@Q11Oc%,Ramazan,Erdem,42,M,96,197
U2170046,atatlıtuğ966@gmail.com,cBa2tb6ICB@M,Anıl,Tatlıtuğ,49,M,108,189
U4114775,ti̇nan277@gmail.com,8&nh!uOd6Sg1,Tolga,İnan,60,M,89,167
U9876439,aözdemir149@gmail.com,*U2+5x%tj2LE,Ataberk,Özdemir,51,M,90,192
U5930554,rcan865@gmail.com,8*9sS#s^MHbR,Ramazan,Can,59,M,61,167
U9007568,bonay458@gmail.com,FSH!8IUnk0WG,Burcu,Onay,37,F,87,172
U1068127,bserez595@gmail.com,#XMjV^Tm*66l,Burak,Serez,36,M,79,187
U9909004,hbilgiç074@gmail.com,qQvrr^9Or8*9,Hamdi,Bilgiç,25,M,97,183
U6728977,tkaya654@gmail.com,^fdSooFK77Vj,Tayfun,Kaya,18,M,106,168
U7070371,sözdoğan155@gmail.com,#Bg3aYYUV+mG,Serap,Özdoğan,55,F,57,180
U8223966,yaksoy807@gmail.com,C+7HZ^KrnpP$,Yonca,Aksoy,59,F,88,161
U1387552,ögündüz557@gmail.com,D@K!24P$&xKh,Ömer Faruk,Gündüz,45,M,67,178
U4029719,abulut119@gmail.com,&x7UN%4Bp8Et,Adem,Bulut,50,M,86,176
U1736385,gyüret257@gmail.com,Xf5%J3cIk*QP,Gülsüm,Yüret,22,F,62,168
U3397529,çerçel124@gmail.com,rD39ttc&+C*R,Çağatay,Erçel,21,M,120,169
U4471924,ttatlıtuğ371@gmail.com,5iyIC&iuEZi%,Tayfun,Tatlıtuğ,25,M,101,183
U5511538,hboz598@gmail.com,3!3Brnc2r$q#,Hülya,Boz,26,F,59,157
U8609459,tuluhan347@gmail.com,M@UG1!Hu*YuF,Tarık,Uluhan,29,M,111,165
U3958056,di̇nan940@gmail.com,G5G4xMJd^zh*,Dilan,İnan,46,F,71,157
U4219658,i̇günaydın380@gmail.com,oEYaRZM7h@OR,İrem,Günaydın,44,F,68,173
U8642822,sergüçlü694@gmail.com,Qf1&n@CLZSTd,Süleyman,Ergüçlü,55,M,83,184
U2347279,bergenç966@gmail.com,Gz9%I6P$dQHg,Berkay,Ergenç,32,M,90,191
U8906844,eserez788@gmail.com,0v!^i9#Ng0c*,Ece,Serez,23,F,50,180
U9619168,obozkurt830@gmail.com,vKQFgFo0aS^y,Onur,Bozkurt,23,M,100,184
U7065021,ngünaydın020@gmail.com,hK3G%ZourBmH,Nevin,Günaydın,53,O,83,181
U5125174,aalp109@gmail.com,$E$i8ynXSfc*,Adem,Alp,55,M,74,167
U0833081,stunçeri208@gmail.com,HuXSAP6wN$Cx,Selin,Tunçeri,50,F,59,166
U6941218,ckeskin874@gmail.com,RyX7aI6nj#M2,Can,Keskin,37,M,63,200
U7739229,hserez964@gmail.com,K3tBi*igLO@6,Hakan,Serez,56,M,85,171
U2641659,fdurmuş871@gmail.com,DaO*po6^WnqR,Ferit,Durmuş,47,M,85,173
U1791120,ggürsoy877@gmail.com,ez#$f5PjYW+0,Gülnihal,Gürsoy,50,F,65,159
U3638876,bersoy907@gmail.com,8emY%I3AdhSz,Barış,Ersoy,45,O,76,181
U6022470,kaksoy856@gmail.com,JzGNdE@xQ$0@,Kader,Aksoy,36,F,75,170
U5506136,msarıkaya126@gmail.com,GPfNd6LDs*f4,Meral,Sarıkaya,37,F,64,169
U0339951,eözkan561@gmail.com,Kt0Xg3$YaBac,Ezgi,Özkan,52,F,68,177
U9003258,hbozkurt323@gmail.com,4JJ*N2^Bc@7v,Hülya,Bozkurt,47,F,61,152
U7587157,fkabadayı837@gmail.com,ELZVjlzM0!Yt,Feride,Kabadayı,56,F,55,156
U2239740,guluhan373@gmail.com,5yxrzB^x+%Tf,Gülnihal,Uluhan,59,F,57,164
U0079009,eyıldız763@gmail.com,3elK8D8Ce%gi,Efe,Yıldız,49,M,62,170
U9084081,i̇yılmaz229@gmail.com,bL3^6deD5#&8,İrem,Yılmaz,32,F,70,169
U5724304,eözer258@gmail.com,BB5etwUiff3$,Emre,Özer,60,M,80,179
U3161362,ayiğit391@gmail.com,VR@czKufpZ*0,Adem,Yiğit,41,M,68,190
U4135549,culusoy076@gmail.com,1s&o^EZQ+mcr,Canan,Ulusoy,53,F,48,171
U4608076,hulusoy569@gmail.com,xE2h*!Y7$h93,Hüseyin,Ulusoy,32,M,77,187
U6081185,hkurt713@gmail.com,5y#9e6Cp!siF,Halil,Kurt,33,M,92,170
U1400910,bşahin521@gmail.com,YArWkRb*p8qU,Büşra,Şahin,31,F,54,159
U3048031,dkoçak661@gmail.com,B^A4k3+fqM4i,Duygu,Koçak,37,F,58,172
U0700870,bonay623@gmail.com,9%q&Vf2@Vju*,Büşra,Onay,39,F,56,163
U5516812,ckorkmaz893@gmail.com,abq!W!8d3xWv,Cihan,Korkmaz,22,M,118,176
U6361832,sbaş321@gmail.com,8+qSUC!NN41i,Serkan,Baş,57,M,85,188
U7316184,mdurmuş354@gmail.com,R#7rTMdbrh0C,Metin,Durmuş,56,M,115,172
U5435812,sşahin176@gmail.com,HWgZ6bd&&k2R,Sultan,Şahin,22,F,70,174
U9373598,ruluhan274@gmail.com,3K5E*PjPvP^J,Recep,Uluhan,51,M,91,195
U8298491,ssoykan558@gmail.com,4^2#hSmJJLPB,Serkan,Soykan,38,M,79,170
U7669993,hçakır425@gmail.com,U2yUa&AahDv2,Hasan,Çakır,39,M,83,165
U6190765,auçar517@gmail.com,hS&6cEe$G+t$,Alparslan,Uçar,29,M,74,191
U2428560,herdoğan175@gmail.com,VUVB*bz*S7pr,Hülya,Erdoğan,26,F,61,172
U3642522,skıran935@gmail.com,NN$OO%RkyL7R,Süleyman,Kıran,21,M,84,178
U9198353,lbozkaya486@gmail.com,2g^IrniX9+c7,Leyla,Bozkaya,19,F,53,152
U1370668,sçakır433@gmail.com,9AJY22Db*g^O,Sultan,Çakır,44,F,58,166
U0800210,yecevit926@gmail.com,F1esDoW*bcCH,Yonca,Ecevit,44,F,72,153
U1782531,htürk978@gmail.com,nzn20PTILo%x,Hediye,Türk,55,F,51,179
U0647846,şyüce869@gmail.com,0Kn2E&CoTg75,Şeyma,Yüce,34,F,82,177
U7690093,fdemir656@gmail.com,+d+RRS*x9lYW,Filiz,Demir,32,F,75,173
U7123917,msarar307@gmail.com,zCG812nAUI@^,Merve,Sarar,57,O,51,161
U4938809,şaktaş039@gmail.com,E*R77unm1YND,Şeyma,Aktaş,54,F,52,161
U9489249,syıldırım834@gmail.com,XuQ@P8s1YXuv,Sultan,Yıldırım,59,O,85,171
U3967494,ryılmazer096@gmail.com,$oV0R+77!wjs,Ramazan,Yılmazer,34,M,61,167
U1694583,sergenç824@gmail.com,pA@%YO9KRYsm,Selçuk,Ergenç,29,M,119,193
U7312204,gyüret857@gmail.com,$G%j1c5*h8QG,Gamze,Yüret,39,F,75,171
U2864913,cersever771@gmail.com,qwIAp5Wam@4U,Cansu,Ersever,59,F,47,152
U5699691,btunçeri515@gmail.com,xZ2S3G6r$i*d,Batuhan,Tunçeri,31,M,86,168
U0061528,bçetin031@gmail.com,Jq6Cp3^5%nXw,Büşra,Çetin,53,F,57,160
U6287414,kdemiralp487@gmail.com,&#xzcZtIrr#5,Kısmet,Demiralp,20,F,75,170
U3774303,açelik198@gmail.com,q2&pr0FX*mQs,Aslı,Çelik,38,F,77,165
U8758678,aergenç182@gmail.com,%h7s3w#lEWR8,Ahmet,Ergenç,25,M,117,177
U4219134,lsoykan066@gmail.com,UhG3%WBf0+H+,Lale,Soykan,24,F,53,171
U8787218,bözer027@gmail.com,I+9$Xy2rL#ps,Berkay,Özer,46,M,106,177
U1008469,ebilgiç516@gmail.com,%ZIybs5TWRus,Emre,Bilgiç,45,M,83,173
U2607494,btürk990@gmail.com,6PSX3!l24kfR,Beren,Türk,37,F,63,169
U3354096,vkıran663@gmail.com,%LSB9QgL1^P1,Volkan,Kıran,23,M,116,194
U5174865,hersever431@gmail.com,j5FTx2+b+HW*,Hülya,Ersever,50,F,69,155
U5306213,harslan824@gmail.com,eD3qz$Bwa@Y&,Hakan,Arslan,45,O,66,174
U9428266,tkoç987@gmail.com,L!5U#2Eu3O5e,Tuğba,Koç,34,F,46,160
U4126334,bgüngör125@gmail.com,7b$MSXlx+Uc+,Berfu,Güngör,51,F,49,161
U9821135,i̇çetinkaya150@gmail.com,78#Oc0VpD1Ou,İbrahim,Çetinkaya,30,M,87,198
U0731881,datalay992@gmail.com,Kcbi2ygPkI!j,Duygu,Atalay,34,F,64,166
U0436592,kgüneş326@gmail.com,1b+dwUZ$u*S1,Kemal,Güneş,40,M,75,192
U2155455,açoban362@gmail.com,uj!7w99@yeCD,Aylin,Çoban,29,F,75,157
U0779347,tyüret758@gmail.com,yGo0tFk%7yAW,Tuğba,Yüret,25,F,53,162
U1787068,asarıkaya855@gmail.com,jgyi9Z0&ry3@,Ayşe,Sarıkaya,37,F,73,170
U2194259,dsarar398@gmail.com,^G&4#!MFamqY,Devin,Sarar,58,F,73,166
U8761802,ekorkmaz574@gmail.com,@DP0ewF2Omg!,Ezgi,Korkmaz,28,F,82,157
U6369959,sköse749@gmail.com,L7D53Y&7LYiT,Selçuk,Köse,45,M,64,183
U5434279,ykoç545@gmail.com,3j3+9nLIRzep,Yonca,Koç,57,F,63,157
U4956103,kdemir200@gmail.com,q*l+GJcqA6Lw,Kubilay,Demir,27,M,96,182
U6762389,fuluhan222@gmail.com,tT$ES5P5%nMr,Filiz,Uluhan,50,F,47,163
U9869214,suçar477@gmail.com,clj#dOqDy%84,Sevgi,Uçar,59,F,84,176
U2580263,okurt922@gmail.com,&J9VutBYsHDw,Osman,Kurt,55,M,106,168
U8602475,tcan452@gmail.com,QSVq@7y%xJ6%,Tayfun,Can,32,M,101,198
U2080898,ogüzel213@gmail.com,UC&6R&PFdp%f,Orhan,Güzel,34,M,74,192
U7343304,gkoçak745@gmail.com,a75eh%teUnG%,Gül,Koçak,51,F,68,169
U3067264,hserez817@gmail.com,6mI$PTLO0ucw,Hazar,Serez,19,F,61,180
U3362280,gtunçeri320@gmail.com,8bSjwcFHF&VC,Gizem,Tunçeri,51,F,50,157
U9288065,agüzel143@gmail.com,ciaYV^DQyT5f,Adem,Güzel,58,M,101,173
U1402747,saydın779@gmail.com,31Bf85I&eW#F,Sevgi,Aydın,53,F,75,164
U6094533,mşahin577@gmail.com,VA@p%Too7zg1,Mira,Şahin,22,F,70,160
U5892981,eöztürk363@gmail.com,^h!8Ip^TU9ED,Elif,Öztürk,19,F,51,173
U5032742,sarslan440@gmail.com,xC5FfF@*48J0,Selda,Arslan,36,F,74,155
U4001684,bdemir712@gmail.com,Cq7JI6#sJhp9,Burak,Demir,57,M,79,166
U0181509,kerçel024@gmail.com,!TC07^spPoYW,Kubilay,Erçel,48,M,90,183
U4729412,ronay045@gmail.com,ryh!xdTB#M9i,Rümeysa,Onay,59,F,56,156
U8418984,eköse578@gmail.com,*nl0AY7uGM!q,Elif,Köse,35,F,45,152
U9948563,gsoykan868@gmail.com,8QN6Sqgu3u#m,Gürkan,Soykan,38,M,64,200
U2922754,guslu288@gmail.com,&N5m^xC@c!DC,Gürkan,Uslu,26,M,61,168
U6126160,ckabadayı594@gmail.com,3PM+V#mPyDzH,Can,Kabadayı,33,M,98,191
U5598119,atunçeri336@gmail.com,pj!*jUcUt6e@,Aslı,Tunçeri,42,F,61,173
U6019867,talp942@gmail.com,q^21gV0QZKNj,Tuncay,Alp,26,M,102,194
U4585470,bkoçak200@gmail.com,@ow*@BBHoBh0,Beren,Koçak,58,F,67,152
U6184702,zgündüz257@gmail.com,qVdIzGK9@7ki,Zehra,Gündüz,30,F,79,174
U5145469,udemirci452@gmail.com,U@Olp5SM4IcZ,Uğur,Demirci,28,M,70,167
U4501777,yak251@gmail.com,7H$Em&edkPby,Yavuz,Ak,60,M,62,183
U2106194,aaydın335@gmail.com,f0fT0E$TYcG@,Alparslan,Aydın,41,M,70,180
U1617580,ytunçeri315@gmail.com,iBsK0AlTrLY@,Yavuz,Tunçeri,49,M,79,194
U9922011,mtopçu096@gmail.com,vOhL3C^#l7p5,Melike,Topçu,24,F,61,180
U8381798,gyeşiltaş178@gmail.com,NJLnNEka&Wi8,Gizem,Yeşiltaş,19,F,88,174
U1654579,hyüce714@gmail.com,$k&wih2zR4vR,Halil,Yüce,39,O,92,175
U9073390,guslu115@gmail.com,kbh#3AO2gwK1,Gülnihal,Uslu,21,F,51,152
U5641948,byeşiltaş052@gmail.com,0$1QqgKDy9hd,Berfu,Yeşiltaş,56,O,86,160
U5553370,hatalay455@gmail.com,xx^s9q!Y5iDR,Halil,Atalay,47,M,120,192
U8659909,sözdemir727@gmail.com,y%T$Rw2qK4yW,Selin,Özdemir,23,F,88,178
U6251315,serçel908@gmail.com,2&X0qp$HZvEA,Süleyman,Erçel,56,M,117,179
U9925192,akara783@gmail.com,a#Y22pg+&mNL,Alparslan,Kara,27,O,86,188
U1117678,ryılmaz055@gmail.com,+t4aivNAnXh3,Rıza,Yılmaz,55,M,93,169
U8315909,rak203@gmail.com,98xKqeU2rK%4,Rümeysa,Ak,55,F,47,164
U7833949,çi̇nan002@gmail.com,PCOtEetQ4%1I,Çağatay,İnan,30,M,101,184
U6699002,hçetin628@gmail.com,uvy%8zqIF^uC,Hasan,Çetin,52,M,73,167
U6177576,çonay950@gmail.com,o15DE$q9uN^O,Çağatay,Onay,21,M,75,173
U8835520,bkaplan978@gmail.com,H4c&ntthR^pH,Burcu,Kaplan,28,F,77,174
U9832624,möztürk155@gmail.com,+3Rx%5UQq8IO,Metin,Öztürk,58,M,106,183
U9513875,tgünaydın298@gmail.com,KxGhz1aoez&F,Tuğba,Günaydın,57,F,85,163
U4873530,fdemirci865@gmail.com,xWL@z^wm3!Pv,Fatma,Demirci,42,F,62,157
U1563813,atürk298@gmail.com,Ih2^dydAX44@,Adem,Türk,29,M,60,198
U7607946,mkoç142@gmail.com,vY4n#1T1LU%T,Melike,Koç,26,F,70,172
U8917205,ttokgöz400@gmail.com,!V6D*ZznDUjh,Tuncay,Tokgöz,35,M,105,198
U5048381,eaksoy257@gmail.com,7kDa#tTPr%R1,Emre,Aksoy,59,M,65,191
U5555467,skeskin446@gmail.com,rJat*%9$8Svd,Selçuk,Keskin,41,M,118,190
U5893220,bdoğan037@gmail.com,mDZ8#+62vEzK,Batuhan,Doğan,37,M,89,189
U7594119,vçakır665@gmail.com,oErQ4@vzVsHh,Volkan,Çakır,18,M,91,173
U7003641,aerdem384@gmail.com,86PfNcw#bB1y,Ali Asaf,Erdem,50,M,119,166
U9711412,bsoysal019@gmail.com,sMd5WT1Nv6T+,Berfin,Soysal,39,F,45,169
U3010142,egürsoy824@gmail.com,m5HiEl6o%&7&,Erhan,Gürsoy,47,M,92,175
U3449729,baktaş888@gmail.com,7!nirPnxpcNO,Berkay,Aktaş,25,M,98,172
U7348954,mtatlıtuğ977@gmail.com,r1+82rZ&Z881,Mustafa,Tatlıtuğ,42,M,65,167
U3289143,açelik122@gmail.com,j6&n*zTiFxah,Aslı,Çelik,27,F,74,178
U6247596,rdemir696@gmail.com,qVNxU54@JBCe,Rümeysa,Demir,21,F,69,174
U9890205,zergüçlü582@gmail.com,nVeLJRE@EN0w,Zehra,Ergüçlü,41,F,55,156
U9682637,hkabadayı124@gmail.com,QE^o%42LkZ1x,Hatice,Kabadayı,25,F,55,164
U9783343,sçetin419@gmail.com,k6AHc7c4mF^o,Sinan,Çetin,34,M,77,176
U5343854,dşahin046@gmail.com,8n*F&F!tN&F^,Dilara,Şahin,48,F,60,160
U3482995,böztürk624@gmail.com,1Xda*#eXSC!x,Berkay,Öztürk,18,M,60,170
U5871094,syüret744@gmail.com,3gY@DtvE&FE7,Sevgi,Yüret,36,F,68,178
U0879703,hi̇nan302@gmail.com,*h#V094Cb%IZ,Hakan,İnan,39,M,74,195
U9191727,skaraca129@gmail.com,uVXpQQ$I4Y29,Sude,Karaca,50,F,70,153
U1388523,ydemirci839@gmail.com,SS3eP*2#^Z0z,Yağmur,Demirci,49,F,51,161
U3914926,cgüzel322@gmail.com,fGdP7O+hEy%A,Cihan,Güzel,27,M,92,195
U4516141,töztürk212@gmail.com,+dZEEVZ7t^B4,Tarık,Öztürk,32,M,68,180
U1007177,aaslan676@gmail.com,oJ!7DKuz+R$j,Aslı,Aslan,31,F,79,170
U1900440,ferdoğan788@gmail.com,+rpjvs686PQT,Füsun,Erdoğan,52,F,85,171
U0411117,hyılmaz293@gmail.com,4m@fWLNA9L#g,Halil,Yılmaz,23,M,79,190
U7781165,aaslan138@gmail.com,m#rZ3fMt4P*H,Aziz,Aslan,40,M,61,181
U0293486,zulusoy931@gmail.com,2eDwCPN!t9$R,Zeliha,Ulusoy,20,F,62,172
U8215103,ber402@gmail.com,2J9IPHck&8*V,Banu,Er,25,F,51,157
U8225469,her310@gmail.com,@Ox7gBXEUa76,Hatice,Er,47,F,46,174
U1257453,eerçel602@gmail.com,2c1LxNyzx$uO,Elif,Erçel,24,F,75,167
U2795451,msoykan208@gmail.com,ui!uP5iIM0Z*,Mira,Soykan,46,F,86,158
U2161778,lbaş987@gmail.com,TCV$V3Q941tB,Leyla,Baş,19,F,52,173
U4891933,farslan901@gmail.com,2hH3vIh$j$%d,Fatih,Arslan,23,M,70,200
U1329331,eyıldırım522@gmail.com,3+oQawJ8%Y8!,Ezgi,Yıldırım,54,F,57,169
U1883370,mbozkaya688@gmail.com,FbipYaU58C^@,Melike,Bozkaya,31,F,58,156
U1180341,dkaplan305@gmail.com,31bO%dGqBB9p,Deniz,Kaplan,34,F,49,170
U5323280,kaydın952@gmail.com,EDFO3LkoK+t@,Kaan,Aydın,46,M,98,178
U2088739,gyıldız353@gmail.com,yRIy2UJ9*lQ2,Gürkan,Yıldız,25,M,90,176
U5835195,haslan170@gmail.com,N^!Hal2B$r5s,Hatice,Aslan,40,F,53,162
U5436087,ekabadayı628@gmail.com,fXbK^y0C^b9R,Efe,Kabadayı,23,M,104,196
U5383375,auluhan446@gmail.com,!rI#sd+8z5+C,Ataberk,Uluhan,36,M,97,172
U5471799,tkeskin410@gmail.com,nOQ*RBCj8&5S,Tahir,Keskin,40,O,57,167
U3661326,tkoçak319@gmail.com,rm^scY8J4@fM,Tayfun,Koçak,52,M,115,184
U0538863,şi̇nan692@gmail.com,j0HcpbyIKv&X,Şeyma,İnan,59,F,74,179
U0781805,rçoban392@gmail.com,0qyhA9+9aUo^,Recep,Çoban,46,M,99,179
U7389467,atürkmen903@gmail.com,sS13yJs@OrX@,Anıl,Türkmen,42,M,64,169
U0658365,ggündüz254@gmail.com,&jWoK9Bd0AVv,Gökhan,Gündüz,23,M,69,192
U0318306,ltaş327@gmail.com,C#%f4fo+5s5Q,Leyla,Taş,46,F,80,159
U6706289,upolat461@gmail.com,7!Q^5Y%Mghay,Umut,Polat,39,M,101,175
U3448081,lbozkurt300@gmail.com,u^heZas!5qW5,Lale,Bozkurt,33,F,48,153
U1927556,fkaraca867@gmail.com,WY64p*9*xuGk,Füsun,Karaca,33,F,75,174
U0264808,htürk231@gmail.com,PuuGNeb33&y0,Hazar,Türk,32,F,72,171
U8030026,kpolat660@gmail.com,03sTk*j8Po+d,Kerem,Polat,38,M,69,198
U8272711,ldemiralp141@gmail.com,AvtdO%Lj6tjB,Lale,Demiralp,25,F,51,154
U7987570,ctürkmen762@gmail.com,sK56pq9^V&#$,Cem,Türkmen,47,M,78,192
U3661635,earslan889@gmail.com,!eMUvko9Q09v,Esra,Arslan,32,F,49,163
U9607014,zgünaydın442@gmail.com,v32YVj%AK!ik,Zeynep,Günaydın,57,F,80,178
U5223169,ukorkmaz357@gmail.com,aW9rt57cG*eC,Uğur,Korkmaz,26,M,96,186
U2576080,hgüngör763@gmail.com,1^GDlQJh#7iC,Hüseyin,Güngör,25,M,113,185
U7879247,kçoban905@gmail.com,@P4#l9+xf2X#,Koray,Çoban,30,M,120,192
U4295114,tonay948@gmail.com,RQPw#s4Q*6f*,Tuba,Onay,20,F,73,172
U2106039,mbilgiç999@gmail.com,*MpQbh1V2Qju,Mustafa,Bilgiç,60,M,94,184
U6029749,nkaya628@gmail.com,&cHT!4JHqY!a,Nevin,Kaya,54,F,71,165
U8598689,muçar990@gmail.com,9qYs4VS5tLL&,Mehmet,Uçar,42,M,84,176
U8260598,tergenç935@gmail.com,Vd2#3LkW5r$V,Tuğba,Ergenç,54,F,51,159
U3492614,byılmaz783@gmail.com,#Cwivy2w0HWN,Batu,Yılmaz,30,M,103,167
U3200052,aserez331@gmail.com,*nvE2g$tz2%I,Ayşe,Serez,23,F,65,154
U6694507,rdoğan350@gmail.com,+ZaXv54bDD!8,Ramazan,Doğan,49,M,85,194
U3395893,kyüce988@gmail.com,Ti*UNFwSYa41,Kemal,Yüce,46,M,113,177
U0775886,akaya839@gmail.com,*XLN!Ai1Rrtl,Anıl,Kaya,51,M,113,181
U6364609,eçetin587@gmail.com,rrkckQOH4aM@,Emine,Çetin,41,F,60,173
U7584783,serdem686@gmail.com,GLbnl48u#b$G,Sema,Erdem,35,F,89,173
U7816260,öözkan585@gmail.com,iiysAOQA1X^r,Ömer,Özkan,30,M,80,167
U7446403,di̇nan603@gmail.com,@87MMz$ttEq+,Dilara,İnan,37,F,75,170
U3988933,ssoykan390@gmail.com,@7P&yyu$Al6j,Serenay,Soykan,21,F,64,173
U0852259,hserez406@gmail.com,@1k#bb@cJX!b,Hatice,Serez,21,F,49,178
U6419619,akıran495@gmail.com,rdX99ji8mlH@,Aysu,Kıran,38,F,53,168
U2789774,eerdem529@gmail.com,nYS3g@2Upp+W,Ezgi,Erdem,25,F,69,156
U1739506,ygündüz489@gmail.com,#1MKC&uSqkg#,Yusuf,Gündüz,46,M,104,181
U0117700,fdeniz714@gmail.com,p%uCmTzN4mTo,Ferit,Deniz,44,M,60,178
U8477524,eşimşek859@gmail.com,wxb0NOFc$!%h,Eda,Şimşek,45,F,48,153
U4456860,etokgöz350@gmail.com,DbT&uQk^*6Zg,Eda,Tokgöz,54,F,66,156
U9562660,ogüzel916@gmail.com,X4$7kxwPZw2u,Orhan,Güzel,28,M,99,187
U3362160,aeren174@gmail.com,7cjFbW0%3YVW,Ataberk,Eren,40,M,116,169
U3935513,mkoçak668@gmail.com,W7y7fKl%kBp$,Melike,Koçak,56,F,70,166
U5391161,i̇demirci159@gmail.com,!1P97k*C7!Nt,İbrahim,Demirci,59,M,87,195
U2976387,bbayraktar448@gmail.com,qS25nPBWOs@7,Beren,Bayraktar,20,F,58,173
U9406200,ttokgöz152@gmail.com,SGco8$+N7DQZ,Tamer,Tokgöz,30,M,62,181
U9385366,hkaplan005@gmail.com,@9Sx8uCgFH!k,Hakan,Kaplan,58,M,75,180
U2756680,zyıldız523@gmail.com,178P$pW!HsGc,Zerrin,Yıldız,30,F,69,171
U4095909,eözdemir077@gmail.com,un7l*4AB1J7P,Ezgi,Özdemir,35,F,53,161
U7460376,ronay098@gmail.com,POm%R*vNg08x,Rüveyda,Onay,36,F,75,167
U2393596,maksoy802@gmail.com,qIrQN^11oN8K,Murat,Aksoy,39,M,70,194
U5413845,eerdoğan286@gmail.com,UciA!VHXra78,Eda,Erdoğan,47,F,58,177
U9441836,ci̇nan556@gmail.com,@7!kIJ^Ps5kA,Canan,İnan,43,F,56,167
U6505863,edemir140@gmail.com,yR!i&yx9J!e2,Esra,Demir,57,F,63,175
U9602888,fakgöz689@gmail.com,Td@tS9MKYW2a,Füsun,Akgöz,39,F,51,168
U2066072,ayüret739@gmail.com,w9LQOKfcC^0$,Ataberk,Yüret,19,M,120,173
U0872771,oaydın722@gmail.com,m8Y@@6rrNY%!,Onur,Aydın,60,M,65,188
U5403698,bözer810@gmail.com,ahs2kjDK@m3K,Büşra,Özer,26,F,58,160
U2160611,daydın078@gmail.com,dW3iEfy%tDII,Duygu,Aydın,42,F,70,162
U5836584,abayraktar565@gmail.com,H@1JlAG8x+LN,Aysel,Bayraktar,41,F,85,160
U7137650,kgüney595@gmail.com,NzgtMGi^S8rg,Kemal,Güney,35,M,85,195
U4243008,közdoğan102@gmail.com,5hLeM1N^+#yr,Kutay,Özdoğan,41,M,93,176
U7070802,uköse303@gmail.com,d!Sr7slF%+8u,Uğur,Köse,35,M,101,178
U1540985,şdemirci500@gmail.com,f!*vCbpX5HQ4,Şeyma,Demirci,56,F,79,162
U5152688,aerdoğan463@gmail.com,*of#e5IpjZ6y,Adem,Erdoğan,43,M,60,197
U0002374,gersoy412@gmail.com,Hw$&4io5yNR*,Gürkan,Ersoy,59,M,99,181
U4871930,auçar120@gmail.com,lPc1MH$eIO*i,Adem,Uçar,41,M,75,170
U0735071,tyiğit554@gmail.com,XB3c9^mVH!E3,Tamer,Yiğit,21,M,64,200
U8126418,bköse646@gmail.com,b#SKEFIQKf89,Batu,Köse,44,M,115,172
U8425702,darslan460@gmail.com,@JS!wnJDf6wm,Deniz,Arslan,36,F,70,165
U4007841,lçakır769@gmail.com,JhM#1ZQNJtPj,Leyla,Çakır,35,F,69,177
U3538467,ödemirci373@gmail.com,QH5h&%6nkJYd,Ömer,Demirci,45,M,75,179
U5076723,kalp884@gmail.com,k&4A%Ga#W4qe,Kaan,Alp,24,M,97,192
U2060911,ftokgöz325@gmail.com,$DQ3+MK7ImtE,Füsun,Tokgöz,40,F,59,167
U6710177,bdemiralp307@gmail.com,h+l+ICyDd6Xe,Berfu,Demiralp,58,F,88,170
U6913862,maktaş484@gmail.com,MVG%t0cO*YD0,Mira,Aktaş,51,F,69,158
U5864208,tyılmaz908@gmail.com,aN81PnHfzr!a,Tamer,Yılmaz,54,M,101,170
U0969429,bözdemir236@gmail.com,cVKy8KqT88%@,Batu,Özdemir,18,M,65,166
U2196432,rözkan591@gmail.com,7@WuGmscXMU%,Rümeysa,Özkan,46,F,45,168
U7806090,huçar677@gmail.com,z+5s@K2Dcis1,Hasan,Uçar,54,M,95,173
U1779087,mözdoğan938@gmail.com,1u$Qz!7@wan7,Mehmet,Özdoğan,54,M,67,172
U8915497,atokgöz383@gmail.com,6WP4BavJV+W!,Alparslan,Tokgöz,47,M,81,165
U2174466,gyücel369@gmail.com,4zSbQAHEU&Z2,Gürkan,Yücel,51,M,61,171
U3719821,udurmuş698@gmail.com,$ED3v+m5wDc5,Umut,Durmuş,43,M,110,166
U1941277,kgürsoy444@gmail.com,+l*CCvM9g2i*,Kader,Gürsoy,27,F,59,172
U3619839,galp082@gmail.com,*4gA^fA2Ftvd,Gülnihal,Alp,36,F,75,171
U7288541,daktaş130@gmail.com,+k&k8k*F7gsU,Dilara,Aktaş,51,O,92,162
U2885705,zçoban668@gmail.com,9qSGJ1yOtdk%,Zeynep,Çoban,28,F,79,180
U2797703,bgürsoy655@gmail.com,3Bsv26!MLS*B,Burak,Gürsoy,20,M,74,179
U4408013,ocan944@gmail.com,p%2af31%MvUg,Okan,Can,32,M,120,171
U2080783,gyüce661@gmail.com,7YxzVv*vKEGh,Gökhan,Yüce,28,M,73,170
U6339231,agüzel823@gmail.com,NXd2ps2cV11@,Aysu,Güzel,47,F,75,153
U2600357,sbulut356@gmail.com,J!0L#1UmpdmX,Sinan,Bulut,18,O,77,181
U2154343,faslan222@gmail.com,uEV*15ywU98#,Fatih,Aslan,37,M,92,177
U2014782,gaslan352@gmail.com,g6U9EqpYA@QA,Gamze,Aslan,48,F,59,152
U7371842,zuçar709@gmail.com,8eRvQ@bx^5Mq,Zehra,Uçar,56,O,53,180
U1134109,hkoç923@gmail.com,WlJk!d9P%oAg,Halime,Koç,54,F,54,162
U8195035,nöztürk874@gmail.com,Fb^8Bb#h2rK^,Nil,Öztürk,42,F,64,159
U0117042,kboz074@gmail.com,pL!7ZJbl%x9w,Kutay,Boz,42,M,67,189
U4777505,akabadayı864@gmail.com,5BMWqgL#dFKg,Ayfer,Kabadayı,30,F,61,174
U3804837,ytaş351@gmail.com,pHx1N83u&Vrm,Yusuf,Taş,41,M,96,176
U7304175,vgüngör365@gmail.com,$m2DRtWGz%bh,Volkan,Güngör,21,M,68,182
U3601919,odemirci428@gmail.com,@Ew2T5^oLDIx,Okan,Demirci,36,M,112,166
U5693531,sözer733@gmail.com,94hnCv@NDgZg,Sibel,Özer,43,F,55,153
U3217010,kerçel054@gmail.com,LGT2#W!tzPVe,Kısmet,Erçel,51,F,56,158
U2941106,byıldız437@gmail.com,nTE9vE12oU#6,Barış,Yıldız,28,M,102,177
U9842522,kergenç168@gmail.com,k@jAfvc$6TtJ,Kısmet,Ergenç,22,F,63,164
U1965503,ronay557@gmail.com,78yz!UTm5VUc,Rümeysa,Onay,21,F,46,177
U1641478,rcan268@gmail.com,3I*K3Lx@fSOU,Rüveyda,Can,38,F,55,174
U7873431,sakgöz954@gmail.com,%Cxb0@7#3SUr,Serenay,Akgöz,33,F,60,164
U5429377,yçoban361@gmail.com,vze36BG$%0Wh,Yavuz,Çoban,20,M,106,191
U0944323,bkurt183@gmail.com,D9!lH%T6#01%,Berrak,Kurt,28,F,72,156
U9706922,csarıkaya333@gmail.com,JG&It4L!XzOc,Can,Sarıkaya,19,M,85,176
U6922901,htatlıtuğ063@gmail.com,&TGDCvu8m087,Hülya,Tatlıtuğ,59,F,71,162
U2754420,hgürsoy230@gmail.com,O!B32fqKt!bc,Hüseyin,Gürsoy,20,M,63,187
U8716391,tkaraca483@gmail.com,bl7R#K9GyxJy,Tarık,Karaca,21,M,120,174
U2396174,bkoç852@gmail.com,CgKtEEv@M5OG,Burcu,Koç,27,F,63,174
U1714495,marslan268@gmail.com,vz+3IjgMMC3a,Mine,Arslan,54,F,70,169
U7316966,sserez607@gmail.com,FpUD7e#OziI!,Serenay,Serez,37,F,73,165
U3732992,tuslu995@gmail.com,^tKFiL4SJpRe,Tülin,Uslu,29,F,90,169
U6666034,aersever984@gmail.com,ID6O$QLWL9yi,Adem,Ersever,58,M,77,198
U4612495,ygüngör424@gmail.com,g0lN82qZ#$fY,Yusuf,Güngör,23,M,94,183
U3910508,berçel861@gmail.com,abQQN*wQk58$,Barış,Erçel,41,M,77,197
U5340125,spolat734@gmail.com,%7HPQsuf#nyK,Selin,Polat,51,F,59,167
U4578856,ekabadayı474@gmail.com,vI08+VxnuA9^,Ebru,Kabadayı,54,F,81,156
U9723513,aerdoğan934@gmail.com,MO%jE&Hha5v!,Ataberk,Erdoğan,43,M,61,180
U5289562,tuluhan089@gmail.com,L6u2uCXtr+O#,Tuba,Uluhan,41,F,51,157
U2929127,gçetinkaya128@gmail.com,jZEV!gtLJI3^,Gizem,Çetinkaya,56,F,48,153
U2077316,ybozkurt601@gmail.com,id6^r8dJ#CCi,Yavuz,Bozkurt,49,M,110,195
U3204039,aaslan196@gmail.com,5a0hZ&BPf9YA,Ali,Aslan,55,M,101,181
U0841001,ydemiralp595@gmail.com,p@^UtYUItgj8,Yusuf,Demiralp,24,M,76,176
U8724561,tkıran018@gmail.com,0V&!7VsKFpIw,Tarık,Kıran,40,M,91,174
U0459287,fserez060@gmail.com,6%84EFOH4y%%,Furkan,Serez,34,M,83,184
U7623450,aakgöz709@gmail.com,tXcDrX*4%15C,Ayça,Akgöz,21,F,86,152
U6157918,fkaplan481@gmail.com,Djq6V4bY&Btd,Feride,Kaplan,49,F,72,157
U6671367,mecevit789@gmail.com,!7MJ6&j#UDTu,Murat,Ecevit,56,M,88,177
U5954744,rergenç173@gmail.com,LfW0jHyA2@Vu,Recep,Ergenç,51,M,109,191
U9125444,ekorkmaz491@gmail.com,b^!$gq7kcFUY,Eylül,Korkmaz,41,F,46,174
U5962722,çgüneş167@gmail.com,dR#ti&CJo2m5,Çağatay,Güneş,58,M,86,178
U2806217,bavcı153@gmail.com,$bIWl23WYCeZ,Banu,Avcı,33,F,71,168
U9123358,fboz815@gmail.com,Wz^P7D5lrbS#,Fatih,Boz,31,M,115,165
U3577614,haslan783@gmail.com,84syQ!Q13!@D,Hediye,Aslan,53,F,59,153
U9693929,dyiğit141@gmail.com,9hFf#s6n3!CT,Devin,Yiğit,49,F,45,178
U4299231,fyılmaz275@gmail.com,VB6C^E&8n4eB,Figen,Yılmaz,31,F,46,166
U8777092,kulusoy337@gmail.com,D9q5Bc!*j$qo,Koray,Ulusoy,41,M,82,166
U5348626,acan665@gmail.com,Y%yQz4W6IY*u,Anıl,Can,28,M,77,172
U9898803,mcan201@gmail.com,wZs&URiPE0UY,Murat,Can,22,M,72,177
U0960413,eer198@gmail.com,td$7zx@z3T^Y,Eren,Er,52,M,100,196
U9706894,egöktürk752@gmail.com,*3dngB9Ob@oq,Emre,Göktürk,40,M,63,187
U8149530,haksoy947@gmail.com,F9l&XwTrBHe4,Hüseyin,Aksoy,55,M,91,189
U3203772,raksoy120@gmail.com,c93er7zIsYB$,Recep,Aksoy,37,M,97,176
U1955699,kgüney726@gmail.com,InZ3Kimy^a3H,Kader,Güney,44,O,90,173
U2921614,kyüret941@gmail.com,44aGcos&9lF7,Kısmet,Yüret,25,F,70,160
U7253787,ptaş459@gmail.com,s2j5ELt*b&c4,Perihan,Taş,36,F,55,168
U5773017,bgüneş479@gmail.com,6w7cAPbky!VZ,Berkay,Güneş,48,M,72,199
U3101974,çerdem171@gmail.com,onCT0uA7%526,Çağatay,Erdem,25,M,90,191
U5270872,ggürsoy285@gmail.com,8n*l0qGFlEot,Gül,Gürsoy,58,F,51,157
U7629399,vdoğan927@gmail.com,ncioNg7XBz^C,Volkan,Doğan,30,M,83,189
U7408801,bkeskin922@gmail.com,K#CF+8nGkeds,Batu,Keskin,53,M,82,171
U0854016,rkılıç177@gmail.com,%$$N^ny6$5oH,Rüveyda,Kılıç,28,F,49,172
U1209167,egöktürk012@gmail.com,l^VJ$r1+7CbT,Erem,Göktürk,53,M,62,189
U5659971,eerdoğan205@gmail.com,WhTaXF$D93+6,Emre,Erdoğan,28,M,62,179
U2522269,sgüzel382@gmail.com,V#VFJ52y1aP+,Serap,Güzel,48,F,68,158
U7883787,rkılıç164@gmail.com,#JjryONnUW3d,Ramazan,Kılıç,39,M,94,174
U3377361,sergenç762@gmail.com,g6AkqS28u@@n,Süleyman,Ergenç,36,M,102,177
U9189570,myıldız129@gmail.com,1!NiY4Vg&!!E,Mustafa,Yıldız,34,M,104,181
U6506018,tergüçlü480@gmail.com,Anb2M@va8Hw9,Tayfun,Ergüçlü,33,M,71,195
U0352763,daktaş037@gmail.com,9Cn4T1ue9E%i,Dilara,Aktaş,36,F,81,165
U9365212,ber179@gmail.com,*GG4@m9Vo9Gs,Batuhan,Er,36,M,86,175
U5178179,ögüney465@gmail.com,@H6q08TdffnV,Ömer Faruk,Güney,41,M,88,165
U3735270,auçar584@gmail.com,+zBu9%7soH5l,Ayfer,Uçar,51,F,84,153
U6947972,aşahin780@gmail.com,*D9h0nO31t7W,Alparslan,Şahin,34,M,103,170
U1626719,hyücel279@gmail.com,3!0+s^dU2Ofy,Hüseyin,Yücel,30,M,66,194
U5909477,bkoç597@gmail.com,Sm*24O^!8Fyx,Batuhan,Koç,36,M,113,198
U2282873,cbozkurt633@gmail.com,@NPiY1*eLdw$,Cihan,Bozkurt,28,M,103,180
U8051939,hbozkaya213@gmail.com,ZdDa1iYbA^yf,Hasan,Bozkaya,43,M,69,177
U6387767,oyiğit927@gmail.com,RW+CJ4oM8x*$,Osman,Yiğit,47,M,67,171
U8284156,aersoy322@gmail.com,*yz1Vmo3Z1q*,Aziz,Ersoy,42,M,113,184
U3160483,buslu460@gmail.com,u94xqY&$zJqx,Berrak,Uslu,38,F,49,155
U5857373,bonay729@gmail.com,9^UmJOx*RV$2,Burcu,Onay,25,F,52,157
U8842431,rkılıç275@gmail.com,cg7QMEW7Em@e,Ramazan,Kılıç,30,M,113,168
U3651850,rşahin271@gmail.com,mabY!2R0^zMT,Ramazan,Şahin,34,M,107,199
U8623839,rtopçu288@gmail.com,bCTTlj&zj06c,Rümeysa,Topçu,44,F,57,172
U7239062,bköse451@gmail.com,Eqv5mYY*1Z@6,Berkay,Köse,54,M,89,166
U7134948,fşimşek124@gmail.com,#Es7TuFy^%ln,Feride,Şimşek,59,F,47,168
U8875621,hgünaydın468@gmail.com,Guf*!+^AM@@2,Hediye,Günaydın,34,F,69,163
U1880996,kdemir258@gmail.com,1q&pC^5U&INI,Kubilay,Demir,46,M,117,174
U4673582,ydemir121@gmail.com,94WN%zwayVhn,Yavuz,Demir,30,M,118,176
U9680086,savcı771@gmail.com,SE&x8uH42Edz,Süleyman,Avcı,54,M,76,193
U7842971,cbozkurt971@gmail.com,3bnrXr+D%cZ&,Canan,Bozkurt,26,F,66,170
U8124800,odemirci964@gmail.com,3@4T5NV4S^Fx,Orhan,Demirci,24,M,101,175
U3397023,mbilgiç413@gmail.com,3tgNrue&hHOL,Murat,Bilgiç,50,M,61,197
U8460873,tgüney176@gmail.com,mvb22R@NZ3Wp,Tülin,Güney,39,F,85,154
U4212029,berdoğan010@gmail.com,^hwFNeW3vt3A,Berfu,Erdoğan,20,F,60,161
U9059219,öerdoğan073@gmail.com,P09i1ggh26L!,Ömer Faruk,Erdoğan,55,M,116,167
U7132883,zeren383@gmail.com,*tggVJ&@d#x4,Zehra,Eren,39,F,81,173
U9823097,nyıldırım550@gmail.com,TA!Fw!3WMn#Z,Nevin,Yıldırım,27,F,50,163
U8257350,myıldız581@gmail.com,vxe7eRLCd*^j,Mira,Yıldız,49,F,61,161
U5543013,mgüngör048@gmail.com,6I8U4e%rf87E,Metin,Güngör,22,M,79,180
U0361408,dcan195@gmail.com,y%T1piHUYq2+,Derya,Can,60,O,79,158
U5285052,gyılmaz385@gmail.com,LX$^AMj6ux1B,Gizem,Yılmaz,59,F,73,163
U2648919,ci̇nan165@gmail.com,D#72O!q8LVFr,Cansu,İnan,23,F,56,171
U1819150,byılmaz755@gmail.com,eH4HU7GM#dec,Batuhan,Yılmaz,53,M,72,177
U4435322,maydın059@gmail.com,2IW3&b+VX!KS,Murat,Aydın,40,M,110,166
U5458931,atürk681@gmail.com,X1fhQU$A9&zO,Ayten,Türk,38,F,45,178
U5017889,eerdoğan502@gmail.com,jSS5AA$UVL4z,Eylül,Erdoğan,23,F,52,163
U8310999,tuslu788@gmail.com,D%PNncTjr7zI,Tayfun,Uslu,22,M,88,166
U7152767,bgürsoy554@gmail.com,tPYz0@pz50R4,Berfin,Gürsoy,58,F,56,167
U0842477,ykabadayı764@gmail.com,mJR5WN1j$C$O,Yusuf,Kabadayı,60,M,74,174
U6635278,ktürk497@gmail.com,F6iQ+Ic$rJwx,Kerem,Türk,22,M,107,172
U3912054,skoç971@gmail.com,GegFK@k#u4z$,Selçuk,Koç,28,M,69,173
U8572617,lgünaydın598@gmail.com,tTVqH6t$5drf,Lale,Günaydın,18,F,51,163
U4641502,eyiğit333@gmail.com,gJMvipy*kKG9,Emine,Yiğit,38,F,55,173
U9848690,ki̇nan532@gmail.com,BCw@9MWikU4o,Kaan,İnan,24,M,62,165
U1626260,saktaş790@gmail.com,!&!PB9K*nN^z,Selda,Aktaş,59,F,88,163
U0144265,ubulut999@gmail.com,1zEJ7bZbfx+S,Uğur,Bulut,18,M,76,182
U6195811,tbayraktar277@gmail.com,!%6@OtRW3mFE,Tarık,Bayraktar,41,M,108,178
U4879907,ocan190@gmail.com,Yi%g#Ggs8Gmc,Onur,Can,55,M,76,196
U8215599,hdoğan314@gmail.com,sl&#1jLFJ0tz,Hamdi,Doğan,57,M,107,181
U5225778,gyeşiltaş379@gmail.com,F7Xnm8Qi$m7p,Gülsüm,Yeşiltaş,20,F,55,156
U6873420,muçar397@gmail.com,!6V54Cy@+CBW,Mustafa,Uçar,59,M,99,189
U1262030,ademirci918@gmail.com,6!bO7oCAbwU2,Ayça,Demirci,41,F,45,156
U2925269,rdemiralp099@gmail.com,8OIpQp@cyhkL,Recep,Demiralp,21,M,110,185
U4205164,cyeşiltaş575@gmail.com,ww4GNK+Ekh*b,Cemre,Yeşiltaş,53,F,73,167
