id,date,start_time,end_time,gym_name,gym_location,trainer_id,reg_user_id
W5055021,2024-08-17,14:32:00,15:41:00,Karadeniz San. Spor Merkezi,Talas - Kayseri,U7901598,U2433280
W7756232,2024-11-27,14:31:00,15:31:00,Sezer A.Ş. Spor Merkezi,Mudanya - Bursa,U9969129,U1087190
W1347062,2024-11-13,14:26:00,15:56:00,Tarhan A.Ş. Spor Merkezi,Çankaya - Ankara,,U9840595
W9311130,2024-04-11,11:38:00,13:33:00,Kastamonu Entegre Spor Merkezi,Beypazarı - Ankara,U0688168,U1540520
W0414635,2024-04-03,10:36:00,11:59:00,Aksu A.Ş. Spor Merkezi,Belek - Antalya,U4950582,U9436260
W7918748,2024-10-21,12:37:00,14:37:00,Seven San. Spor Merkezi,Çeşme - İzmir,U7974695,U3878268
W5748001,2024-10-27,13:35:00,15:25:00,Aygaz Spor Merkezi,Yıldırım - Bursa,U0872684,U5412467
W7507660,2024-01-27,14:43:00,16:15:00,Yıldırım Tic. Spor Merkezi,Silvan - Diyarbakır,U4090325,U2098590
W2641059,2024-01-30,14:18:00,15:59:00,Mapa İnşaat Spor Merkezi,Beşiktaş - İstanbul,,U7937448
W6008858,2024-11-19,11:38:00,12:21:00,Akçay Tic. Spor Merkezi,Pendik - İstanbul,U5154780,U8839616
W4654558,2024-07-26,13:20:00,13:59:00,Hançer Şti. Spor Merkezi,Şahinbey - Gaziantep,U7947313,U3881042
W2232140,2024-03-14,06:48:00,08:36:00,Tekfen İnşaat Spor Merkezi,Kağıthane - İstanbul,U2725645,U9223408
W7052551,2024-04-25,15:54:00,16:54:00,İhsanoğlu Ltd. Spor Merkezi,Bağlar - Diyarbakır,U6608278,U5584960
W1684870,2024-11-02,07:10:00,08:57:00,Sezgin San. Spor Merkezi,Melikgazi - Kayseri,U6866195,U8782505
W4694532,2024-09-17,12:08:00,12:42:00,Aslan Yorulmaz San. Spor Merkezi,Alanya - Antalya,U8384102,U4734633
W7432875,2024-12-01,15:59:00,17:01:00,Mercedes-Benz Türk Spor Merkezi,Foça - İzmir,U5931979,U7326973
W8904821,2024-10-30,11:42:00,12:32:00,Er-Bakır Elektrolitik Bakır Spor Merkezi,Bahçelievler - İstanbul,U0052750,U8060469
W4759008,2024-10-07,15:45:00,16:32:00,Seven Duran San. Spor Merkezi,İlkadım - Samsun,U4832296,U7204202
W6344641,2024-06-30,06:43:00,08:29:00,Kastamonu Entegre Spor Merkezi,Beypazarı - Ankara,U1879150,U4342113
W5793191,2024-08-06,14:07:00,14:55:00,Coca-Cola İçecek Spor Merkezi,Bodrum - İzmir,U8981890,U6032166
W1334713,2024-01-24,07:27:00,07:57:00,Türk Ltd. Spor Merkezi,Selçuklu - Konya,U2725645,U8228986
W8555808,2024-08-04,15:12:00,16:12:00,Sezgin San. Spor Merkezi,Melikgazi - Kayseri,U3645875,U2486600
W6500432,2024-07-06,14:45:00,15:42:00,Sakarya San. Spor Merkezi,Kartal - İstanbul,,U8723134
W2907688,2024-04-29,11:47:00,13:29:00,Eraslan Akar Şti. Spor Merkezi,Yüreğir - Adana,U7627403,U5526055
W4564027,2024-11-27,13:30:00,15:25:00,Coca-Cola İçecek Spor Merkezi,Bodrum - İzmir,U0052750,U0524471
W4859307,2024-01-11,14:38:00,15:38:00,Akdeniz Ltd. Spor Merkezi,Mamak - Ankara,U5931979,U9639106
W3304962,2024-10-01,09:59:00,11:21:00,Karadeniz San. Spor Merkezi,Talas - Kayseri,U0324608,U8038095
W6873471,2024-01-27,10:15:00,11:35:00,Yaman Ltd. Spor Merkezi,Şehitkamil - Gaziantep,U2984707,U6179760
W9432724,2024-10-06,14:42:00,16:31:00,Sezgin Şti. Spor Merkezi,Bornova - İzmir,U6866195,U9840595
W5591566,2024-03-25,14:41:00,15:18:00,Opet Petrolcülük Spor Merkezi,Kadıköy - İstanbul,U1523937,U2519606
W6415983,2024-11-02,12:19:00,14:00:00,Hançer Şti. Spor Merkezi,Şahinbey - Gaziantep,U2658630,U4939442
W3619366,2024-01-18,14:47:00,16:13:00,Gülen San. Spor Merkezi,Ataşehir - İstanbul,U1454890,U4734633
W9273121,2024-07-18,15:27:00,17:27:00,Sakarya San. Spor Merkezi,Kartal - İstanbul,U0872684,U6260045
W8121947,2024-02-04,10:32:00,11:15:00,Duran San. Spor Merkezi,Karatay - Konya,U3786571,U2480516
W8773524,2024-01-19,11:40:00,12:11:00,Türk Ltd. Spor Merkezi,Selçuklu - Konya,U3450900,U5431004
W5805757,2024-05-20,06:14:00,07:16:00,Eraslan Akar Şti. Spor Merkezi,Yüreğir - Adana,U6411476,U9715033
W9132570,2024-11-04,14:28:00,16:19:00,Türk Ltd. Spor Merkezi,Selçuklu - Konya,U3621125,U9057610
W6975607,2024-11-01,10:09:00,10:54:00,Coca-Cola İçecek Spor Merkezi,Bodrum - İzmir,U2763360,U3503678
W8987330,2024-03-30,06:43:00,07:43:00,Mercedes-Benz Türk Spor Merkezi,Foça - İzmir,U2951101,U6860673
W4470042,2024-03-08,06:54:00,07:25:00,Mercedes-Benz Türk Spor Merkezi,Foça - İzmir,,U3184668
W4969953,2024-02-19,10:21:00,11:42:00,Güçlü Aksu San. Spor Merkezi,Kepez - Antalya,U2097399,U7700413
W4497445,2024-10-10,08:27:00,09:57:00,Coca-Cola İçecek Spor Merkezi,Bodrum - İzmir,U7627403,U6802587
W2733270,2024-08-20,09:07:00,10:19:00,Zorlu Şensoy San. Spor Merkezi,Meram - Konya,U2126499,U5253321
W6466993,2024-10-03,08:35:00,09:37:00,Duran San. Spor Merkezi,Karatay - Konya,U5936111,U9467063
W0595826,2024-06-14,14:37:00,15:49:00,Güçlü Ltd. Spor Merkezi,Dicle - Diyarbakır,U8471051,U4481984
W8353940,2024-02-29,08:52:00,09:28:00,Sezer A.Ş. Spor Merkezi,Mudanya - Bursa,U1811749,U1935820
W2374147,2025-01-02,13:25:00,14:58:00,Tevetoğlu Tic. Spor Merkezi,Atakum - Samsun,U2097399,U8016450
W8399968,2024-09-02,14:16:00,15:27:00,Zorlu Şensoy San. Spor Merkezi,Meram - Konya,U9430030,U9930730
W4913962,2024-06-28,14:49:00,16:11:00,Aslan San. Spor Merkezi,Balçova - İzmir,U2036772,U9188269
W0789850,2024-04-10,06:58:00,08:19:00,Bilgin Öcalan San. Spor Merkezi,Konak - İzmir,U0324608,U2365357
W8387023,2024-02-16,06:47:00,08:26:00,Güçlü Ltd. Spor Merkezi,Dicle - Diyarbakır,U0594778,U4283449
W9376598,2024-12-21,06:27:00,08:23:00,Gülen A.Ş. Spor Merkezi,Bafra - Samsun,U2084928,U5939700
W9254472,2024-03-08,09:58:00,11:18:00,Güçlü Aksu San. Spor Merkezi,Kepez - Antalya,U9969129,U2983653
W7847116,2024-06-18,08:53:00,10:20:00,İhsanoğlu Ltd. Spor Merkezi,Bağlar - Diyarbakır,U2094800,U2101134
W1431695,2024-04-08,12:06:00,13:22:00,Trakya Cam Spor Merkezi,Nilüfer - Bursa,U9774560,U1568847
W0792844,2024-10-08,07:11:00,08:06:00,TP Petrol Dağıtım Spor Merkezi,Muratpaşa - Antalya,U3361721,U7189697
W9841547,2024-08-31,12:15:00,13:27:00,Opet Petrolcülük Spor Merkezi,Kadıköy - İstanbul,U9261572,U3386122
W0750813,2024-05-29,15:40:00,16:59:00,Akdeniz Ltd. Spor Merkezi,Mamak - Ankara,U8457162,U5645732
W0780688,2024-07-20,09:14:00,10:44:00,Güçlü Ltd. Spor Merkezi,Dicle - Diyarbakır,U2894098,U7439777
W7946225,2024-08-17,08:37:00,09:33:00,Coca-Cola İçecek Spor Merkezi,Bodrum - İzmir,U6239192,U7709894
W7116661,2024-12-02,14:26:00,15:41:00,Güçlü Aksu San. Spor Merkezi,Kepez - Antalya,U2984707,U3235743
W3323242,2024-03-21,15:12:00,15:50:00,Gülen A.Ş. Spor Merkezi,Bafra - Samsun,U0052750,U9322472
W9301271,2024-12-11,12:15:00,12:55:00,Seven San. Spor Merkezi,Çeşme - İzmir,U3261026,U3191699
W9388343,2024-10-28,12:46:00,14:30:00,Arsoy Şafak A.Ş. Spor Merkezi,Sincan - Ankara,U5785179,U8204076
W3568729,2024-11-27,06:04:00,07:05:00,Er-Bakır Elektrolitik Bakır Spor Merkezi,Bahçelievler - İstanbul,U8654719,U9233039
W6713232,2024-11-23,06:42:00,07:28:00,Tarhan A.Ş. Spor Merkezi,Çankaya - Ankara,U9007499,U2530692
W5069374,2024-02-07,07:12:00,08:52:00,Coca-Cola İçecek Spor Merkezi,Bodrum - İzmir,U9934238,U4939442
W3857326,2024-09-20,06:26:00,07:14:00,Sezer A.Ş. Spor Merkezi,Mudanya - Bursa,U8457162,U5023087
W6008264,2024-06-22,15:43:00,16:54:00,Tekfen İnşaat Spor Merkezi,Kağıthane - İstanbul,U6574540,U9936600
W8540678,2024-01-14,07:07:00,07:56:00,Sarkuysan Spor Merkezi,Manavgat - Antalya,U6608278,U0097994
W9835584,2024-04-26,12:20:00,13:04:00,Sezer A.Ş. Spor Merkezi,Mudanya - Bursa,U2112515,U0183385
W2349631,2024-03-14,12:04:00,13:11:00,Trakya Cam Spor Merkezi,Nilüfer - Bursa,U0378539,U5304842
W6178190,2024-07-13,12:28:00,13:14:00,Sarkuysan Spor Merkezi,Manavgat - Antalya,U1150869,U9938357
W7933940,2024-05-23,10:55:00,11:47:00,Güçlü Aksu San. Spor Merkezi,Kepez - Antalya,U1879150,U8091150
W2302848,2024-10-26,09:17:00,10:21:00,Hançer Şti. Spor Merkezi,Şahinbey - Gaziantep,U1150869,U9686883
W4375818,2024-07-20,15:51:00,17:29:00,Tarhan A.Ş. Spor Merkezi,Çankaya - Ankara,U2274259,U6239051
W5180487,2024-07-25,07:34:00,08:47:00,Akdeniz Ltd. Spor Merkezi,Mamak - Ankara,U6932546,U6037880
W5382472,2024-02-03,12:57:00,13:58:00,Güçlü Aksu San. Spor Merkezi,Kepez - Antalya,U1617348,U7711522
W4872333,2024-08-07,11:36:00,13:10:00,Petrol Ofisi Spor Merkezi,Çukurova - Adana,U3925515,U3242863
W0121123,2024-06-10,07:32:00,09:15:00,Aygaz Spor Merkezi,Yıldırım - Bursa,U8685655,U0845768
W4240023,2024-05-10,10:10:00,10:54:00,Seven San. Spor Merkezi,Çeşme - İzmir,U1811749,U9502647
W6233464,2024-09-22,06:01:00,07:55:00,Tevetoğlu Tic. Spor Merkezi,Atakum - Samsun,U1150869,U5526055
W3620879,2024-08-16,06:22:00,07:45:00,Aslan Karadeniz Şti. Spor Merkezi,Sarıyer - İstanbul,U8257675,U5574316
W7358162,2024-02-09,11:06:00,11:46:00,Zorlu Şensoy San. Spor Merkezi,Meram - Konya,U5152873,U6579431
W4757635,2024-10-21,08:20:00,08:53:00,Tarhan A.Ş. Spor Merkezi,Çankaya - Ankara,U0863136,U5684591
W4812895,2024-08-06,09:38:00,10:46:00,İhsanoğlu Ltd. Spor Merkezi,Bağlar - Diyarbakır,U2368451,U9231091
W4608174,2024-07-24,13:42:00,15:41:00,Aslan San. Spor Merkezi,Balçova - İzmir,U5120155,U2380061
W0749350,2024-02-29,09:06:00,11:02:00,Arsoy Şafak A.Ş. Spor Merkezi,Sincan - Ankara,U5152873,U3589049
W5454364,2024-07-03,10:48:00,11:21:00,Tevetoğlu Tic. Spor Merkezi,Atakum - Samsun,U0956838,U3407898
W2864902,2024-10-17,09:42:00,10:36:00,Yıldırım Tic. Spor Merkezi,Silvan - Diyarbakır,U8457162,U7253828
W9001273,2024-10-02,11:20:00,12:05:00,TP Petrol Dağıtım Spor Merkezi,Muratpaşa - Antalya,U2094800,U2755921
W3575690,2024-10-23,12:54:00,13:24:00,Zorlu Şensoy San. Spor Merkezi,Meram - Konya,U8257675,U1303285
W7971246,2024-09-21,08:42:00,10:30:00,Ülker San. Spor Merkezi,Üsküdar - İstanbul,U0863136,U6144539
W6050956,2024-07-09,06:46:00,08:09:00,Türk Ltd. Spor Merkezi,Selçuklu - Konya,U9261572,U3878268
W1481720,2024-11-09,15:38:00,16:22:00,Bilgin A.Ş. Spor Merkezi,Keçiören - Ankara,U2368451,U6144539
W1148439,2024-01-15,10:50:00,12:36:00,Mercedes-Benz Türk Spor Merkezi,Foça - İzmir,U1902837,U5881497
W7404402,2024-09-19,13:22:00,14:16:00,Tekfen İnşaat Spor Merkezi,Kağıthane - İstanbul,U1817716,U5099675
W8574585,2024-07-05,12:10:00,12:52:00,Hançer Akdeniz Tic. Spor Merkezi,Seyhan - Adana,,U5023087
W9357749,2024-03-21,15:01:00,15:42:00,Aslan San. Spor Merkezi,Balçova - İzmir,U1454890,U6238666
W3155064,2024-09-14,15:57:00,16:44:00,Zorlu Şensoy San. Spor Merkezi,Meram - Konya,U9040938,U7609315
W8655733,2024-03-20,10:50:00,12:36:00,Sezgin San. Spor Merkezi,Melikgazi - Kayseri,U5154780,U5268901
W0113107,2024-10-22,11:54:00,12:34:00,Er-Bakır Elektrolitik Bakır Spor Merkezi,Bahçelievler - İstanbul,U0378539,U2983653
W7417715,2024-04-17,07:33:00,08:20:00,Aygaz Spor Merkezi,Yıldırım - Bursa,U0118750,U9492318
W8973300,2024-10-08,06:41:00,08:00:00,Tarhan A.Ş. Spor Merkezi,Çankaya - Ankara,U0688168,U8091150
W2907272,2025-01-01,08:03:00,08:39:00,Yıldırım Tic. Spor Merkezi,Silvan - Diyarbakır,U6660050,U1888400
W3057626,2024-07-04,14:34:00,15:42:00,Tevetoğlu Tic. Spor Merkezi,Atakum - Samsun,U1963376,U8187551
W4877262,2024-10-26,13:59:00,15:39:00,Aksu A.Ş. Spor Merkezi,Belek - Antalya,U2894098,U8496333
W8712037,2024-10-08,10:46:00,11:36:00,Sakarya San. Spor Merkezi,Kartal - İstanbul,,U2733911
W4318830,2025-01-02,15:34:00,17:31:00,Tekfen İnşaat Spor Merkezi,Kağıthane - İstanbul,U1523937,U8016450
W5909711,2024-10-21,07:36:00,08:29:00,Sezgin Şti. Spor Merkezi,Bornova - İzmir,U6660050,U2480516
W4976320,2024-10-18,06:24:00,07:55:00,Sarkuysan Spor Merkezi,Manavgat - Antalya,,U9307303
W0402160,2024-04-25,14:52:00,15:54:00,Hançer Akdeniz Tic. Spor Merkezi,Seyhan - Adana,U4161524,U9493390
W4206888,2024-06-22,11:35:00,12:26:00,Aslan Yorulmaz San. Spor Merkezi,Alanya - Antalya,U9430030,U4034336
W0951895,2024-08-14,15:14:00,16:38:00,Coca-Cola İçecek Spor Merkezi,Bodrum - İzmir,,U9388246
W9304812,2024-02-24,07:58:00,08:37:00,Güçlü Aksu San. Spor Merkezi,Kepez - Antalya,U9339725,U6032166
W6767500,2024-09-03,15:58:00,16:32:00,Akçay Tic. Spor Merkezi,Pendik - İstanbul,U7556999,U8512873
W7913362,2024-01-13,06:15:00,07:11:00,Tekfen İnşaat Spor Merkezi,Bergama - İzmir,U4669086,U5654022
W5760258,2024-10-04,12:46:00,14:21:00,Er-Bakır Elektrolitik Bakır Spor Merkezi,Bahçelievler - İstanbul,U5152873,U5023087
W4728572,2024-07-10,14:25:00,16:11:00,Kastamonu Entegre Spor Merkezi,Beypazarı - Ankara,U2368451,U4803952
W8316930,2024-10-27,09:46:00,10:55:00,Yıldırım Tic. Spor Merkezi,Silvan - Diyarbakır,U2476227,U4131631
W6497850,2024-06-21,08:30:00,09:43:00,Tekfen İnşaat Spor Merkezi,Kağıthane - İstanbul,,U3991330
W7108872,2024-07-20,07:45:00,08:31:00,Duran San. Spor Merkezi,Karatay - Konya,U0954704,U5752556
W4863362,2024-02-23,11:15:00,13:02:00,Mapa İnşaat Spor Merkezi,Beşiktaş - İstanbul,U2518626,U5394950
W9252876,2024-01-05,09:50:00,10:52:00,TUSAŞ-Türk Havacılık ve Uzay Spor Merkezi,Fatih - İstanbul,,U1024132
W9743527,2024-12-19,13:48:00,15:07:00,Güçlü Ltd. Spor Merkezi,Dicle - Diyarbakır,U7947313,U9715033
W4791714,2024-10-04,15:15:00,17:12:00,Sezer A.Ş. Spor Merkezi,Mudanya - Bursa,U2861359,U7379933
W8294008,2024-06-02,14:35:00,16:11:00,Bilgin Öcalan San. Spor Merkezi,Konak - İzmir,U9118590,U7773559
W8050592,2024-03-30,14:23:00,16:15:00,Er-Bakır Elektrolitik Bakır Spor Merkezi,Bahçelievler - İstanbul,U2861359,U7778300
W2767792,2024-08-23,12:02:00,13:10:00,Sezgin Şti. Spor Merkezi,Bornova - İzmir,U2861359,U2356315
W6157013,2024-05-18,08:14:00,09:54:00,Borçelik Çelik Sanayi Spor Merkezi,Polatlı - Ankara,U2248757,U2538521
W0100187,2024-01-06,12:19:00,14:05:00,Yaman Ltd. Spor Merkezi,Şehitkamil - Gaziantep,U4242274,U3558398
W2798580,2024-12-08,09:08:00,10:22:00,Sakarya San. Spor Merkezi,Kartal - İstanbul,U7901598,U2465262
W5533373,2024-06-05,14:40:00,16:14:00,Aslan San. Spor Merkezi,Balçova - İzmir,U8882610,U1063096
W4265631,2024-05-03,07:47:00,08:36:00,Aslan San. Spor Merkezi,Balçova - İzmir,U1353294,U1435938
W7308273,2024-09-25,13:33:00,15:04:00,Seven San. Spor Merkezi,Çeşme - İzmir,U2951101,U7727411
W1466773,2024-12-02,07:52:00,08:24:00,Ülker San. Spor Merkezi,Üsküdar - İstanbul,U2346912,U8257697
W4870682,2024-11-14,07:01:00,08:19:00,Borçelik Çelik Sanayi Spor Merkezi,Polatlı - Ankara,U4019574,U3878368
W0791693,2024-10-01,06:39:00,08:19:00,Trakya Cam Spor Merkezi,Nilüfer - Bursa,U8471051,U6638412
W5272667,2024-01-16,06:04:00,08:02:00,Çorlu Güçlü Şti. Spor Merkezi,Osmangazi - Bursa,U9481695,U1068519
W1272541,2024-05-07,07:22:00,09:05:00,Petrol Ofisi Spor Merkezi,Çukurova - Adana,U9366302,U8440173
W2536593,2024-07-24,08:42:00,10:12:00,Opet Petrolcülük Spor Merkezi,Kadıköy - İstanbul,U1879150,U0955893
W8557108,2024-08-24,08:23:00,09:29:00,Petrol Ofisi Spor Merkezi,Çukurova - Adana,U9290849,U0039052
W0417311,2024-07-26,07:49:00,09:36:00,Yaman Ltd. Spor Merkezi,Şehitkamil - Gaziantep,U6574540,U3558398
W9282986,2024-11-14,09:00:00,10:59:00,Opet Petrolcülük Spor Merkezi,Kadıköy - İstanbul,U8167442,U6499737
W6183317,2024-04-25,08:34:00,09:21:00,Duran San. Spor Merkezi,Karatay - Konya,U9084938,U7180729
W3662931,2024-09-10,16:00:00,17:26:00,Gülen Hançer A.Ş. Spor Merkezi,Nizip - Gaziantep,U8529273,U8204076
W7126772,2024-05-09,12:39:00,13:47:00,Karadeniz San. Spor Merkezi,Talas - Kayseri,U2725645,U2356315
W4628729,2024-03-07,08:54:00,09:51:00,Duran San. Spor Merkezi,Karatay - Konya,U2112515,U2098590
W1952965,2024-07-19,14:01:00,15:56:00,Karadeniz San. Spor Merkezi,Talas - Kayseri,U2861359,U2530692
W3839212,2024-07-31,11:05:00,12:28:00,Tevetoğlu Tic. Spor Merkezi,Atakum - Samsun,U1963376,U7786157
W5015806,2024-07-07,07:26:00,09:17:00,Türk Ltd. Spor Merkezi,Selçuklu - Konya,U2126499,U5721569
W7746271,2024-06-20,11:05:00,12:52:00,Mercedes-Benz Türk Spor Merkezi,Foça - İzmir,U6192322,U5964704
W5677972,2024-03-29,10:50:00,11:56:00,Duran San. Spor Merkezi,Karatay - Konya,U3361721,U1540520
W4594361,2024-07-19,15:32:00,16:27:00,Sezgin Şti. Spor Merkezi,Bornova - İzmir,U8822965,U8447973
W2156622,2024-08-03,06:05:00,07:55:00,Hançer Akdeniz Tic. Spor Merkezi,Seyhan - Adana,U8167442,U1343514
W5292499,2024-01-16,13:32:00,14:21:00,Mapa İnşaat Spor Merkezi,Beşiktaş - İstanbul,U6180388,U3991330
W2503558,2024-12-17,14:40:00,16:12:00,Türk Ltd. Spor Merkezi,Selçuklu - Konya,U6239192,U6239051
W8350717,2024-05-22,13:26:00,14:34:00,Kastamonu Entegre Spor Merkezi,Beypazarı - Ankara,U6180388,U2636307
W3400307,2024-02-04,10:33:00,11:10:00,Bilgin Öcalan San. Spor Merkezi,Konak - İzmir,U8882610,U4997797
W3257754,2024-09-27,07:17:00,09:11:00,Alemdar Güçlü Ltd. Spor Merkezi,Kocasinan - Kayseri,U0378539,U9840595
W0796687,2024-09-12,14:38:00,15:20:00,Hançer Şti. Spor Merkezi,Şahinbey - Gaziantep,U6192322,U3606034
W7903827,2024-07-02,06:14:00,07:21:00,Arsoy Şafak A.Ş. Spor Merkezi,Sincan - Ankara,U3645875,U1568847
W7901036,2024-07-10,10:08:00,11:19:00,Tiryaki Agro Gıda Spor Merkezi,Karşıyaka - İzmir,U4203446,U5302702
W3600000,2024-10-29,08:20:00,09:43:00,Coca-Cola İçecek Spor Merkezi,Bodrum - İzmir,U7961757,U4702527
W1500173,2024-04-28,14:15:00,15:29:00,Aygaz Spor Merkezi,Yıldırım - Bursa,,U6427898
W1281878,2024-12-02,11:09:00,11:50:00,Arsoy Şafak A.Ş. Spor Merkezi,Sincan - Ankara,U2257254,U2331648
W7628962,2024-12-03,08:59:00,10:11:00,Çorlu Güçlü Şti. Spor Merkezi,Osmangazi - Bursa,U5936111,U5939574
W7428833,2024-03-04,14:27:00,15:18:00,Aygaz Spor Merkezi,Yıldırım - Bursa,U8257675,U4702527
W0191172,2024-06-24,14:19:00,16:05:00,Sezgin Şti. Spor Merkezi,Bornova - İzmir,,U3540905
W0647557,2024-04-05,08:53:00,10:35:00,Bilgin A.Ş. Spor Merkezi,Keçiören - Ankara,U3828708,U6167976
W5677861,2024-11-18,12:22:00,13:14:00,TP Petrol Dağıtım Spor Merkezi,Muratpaşa - Antalya,U8822965,U1743370
W2142859,2024-01-25,14:47:00,15:46:00,Ülker San. Spor Merkezi,Üsküdar - İstanbul,U2209832,U2119251
W4500037,2024-09-23,10:59:00,12:42:00,Karadeniz San. Spor Merkezi,Talas - Kayseri,U8822441,U7747317
W2639702,2024-10-28,11:21:00,13:15:00,Petrol Ofisi Spor Merkezi,Çukurova - Adana,U8822441,U3991330
W9110435,2024-02-22,09:40:00,11:08:00,Karadeniz San. Spor Merkezi,Talas - Kayseri,U5154780,U2126151
W3194987,2024-07-10,06:23:00,08:00:00,Tevetoğlu Tic. Spor Merkezi,Atakum - Samsun,U7901598,U8512873
W8913557,2024-11-02,13:52:00,14:55:00,Sezgin Şti. Spor Merkezi,Bornova - İzmir,U5631248,U2169823
W3239964,2024-04-18,08:53:00,09:37:00,Alemdar Güçlü Ltd. Spor Merkezi,Kocasinan - Kayseri,U6239192,U9259499
W4417926,2025-01-02,14:15:00,15:50:00,Türk Ltd. Spor Merkezi,Selçuklu - Konya,U3786571,U0607508
W2877636,2024-08-11,11:45:00,12:48:00,Arsoy Şafak A.Ş. Spor Merkezi,Sincan - Ankara,U0118750,U9256132
W9185650,2024-01-28,06:35:00,07:48:00,Sezgin Şti. Spor Merkezi,Bornova - İzmir,U4214455,U1025253
W7421929,2024-11-10,15:52:00,17:22:00,Duran San. Spor Merkezi,Karatay - Konya,,U4481984
W1349477,2024-10-25,15:01:00,15:37:00,Sezgin San. Spor Merkezi,Melikgazi - Kayseri,,U5179876
W2178891,2024-08-09,13:01:00,14:59:00,Trakya Cam Spor Merkezi,Nilüfer - Bursa,U9084938,U6260045
W0286150,2024-01-05,12:28:00,14:03:00,Alemdar Güçlü Ltd. Spor Merkezi,Kocasinan - Kayseri,U8822965,U6196337
W8941975,2024-09-13,07:41:00,08:57:00,Seven Duran San. Spor Merkezi,İlkadım - Samsun,U8412709,U1820013
W5260213,2024-01-24,09:15:00,11:09:00,Hançer Akdeniz Tic. Spor Merkezi,Seyhan - Adana,U8471051,U1343514
W9473301,2024-04-27,08:15:00,09:13:00,Mercedes-Benz Türk Spor Merkezi,Foça - İzmir,U6866195,U6211923
W5922367,2024-08-11,15:58:00,16:45:00,Gülen San. Spor Merkezi,Ataşehir - İstanbul,U2346912,U3540905
W6673789,2024-12-16,10:06:00,11:38:00,Mercedes-Benz Türk Spor Merkezi,Foça - İzmir,U2861359,U6742260
W1057827,2024-07-18,13:36:00,15:12:00,Mapa İnşaat Spor Merkezi,Beşiktaş - İstanbul,U7947313,U7711633
W1124152,2024-07-27,06:15:00,08:12:00,Tarhan A.Ş. Spor Merkezi,Çankaya - Ankara,U3409381,U6647939
W0806675,2024-01-26,08:46:00,10:01:00,Aslan San. Spor Merkezi,Balçova - İzmir,U2951101,U0607901
W5651382,2024-12-11,09:53:00,11:04:00,Tekfen İnşaat Spor Merkezi,Bergama - İzmir,U2725645,U5210330
W4653792,2024-05-06,06:26:00,07:40:00,Hançer Şti. Spor Merkezi,Şahinbey - Gaziantep,U8822766,U1303285
W5601488,2024-11-18,11:58:00,12:47:00,Coca-Cola İçecek Spor Merkezi,Bodrum - İzmir,U6824557,U2277999
W7905909,2024-02-22,07:35:00,09:34:00,Tekfen İnşaat Spor Merkezi,Bergama - İzmir,U2094800,U1554681
W6539441,2024-11-05,10:46:00,11:30:00,Sezer A.Ş. Spor Merkezi,Mudanya - Bursa,U6932546,U9840595
W0924352,2024-07-21,10:03:00,11:50:00,Er-Bakır Elektrolitik Bakır Spor Merkezi,Bahçelievler - İstanbul,U8163292,U1597796
W5222944,2024-06-05,10:47:00,12:13:00,Sakarya San. Spor Merkezi,Kartal - İstanbul,,U2119251
W2592717,2024-01-25,11:50:00,13:00:00,Kastamonu Entegre Spor Merkezi,Beypazarı - Ankara,U2209832,U3442487
W9937646,2024-07-13,08:23:00,09:12:00,Aygaz Spor Merkezi,Yıldırım - Bursa,,U3647489
W1631576,2024-09-30,10:49:00,12:16:00,Tiryaki Agro Gıda Spor Merkezi,Karşıyaka - İzmir,U9366302,U6144539
W5178763,2024-01-04,12:17:00,13:24:00,Opet Petrolcülük Spor Merkezi,Kadıköy - İstanbul,U2126499,U7711633
W9123533,2024-08-27,11:11:00,12:49:00,Aksu A.Ş. Spor Merkezi,Belek - Antalya,U9934238,U7439777
W6774474,2024-12-06,09:33:00,10:11:00,Güçlü Ltd. Spor Merkezi,Dicle - Diyarbakır,U3409381,U8523777
W8374432,2024-05-12,13:12:00,13:50:00,Seven Duran San. Spor Merkezi,İlkadım - Samsun,U2763360,U9688197
W6586415,2024-08-12,07:21:00,07:51:00,Aslan Yorulmaz San. Spor Merkezi,Alanya - Antalya,U2725645,U5829235
W9104892,2024-07-03,09:25:00,10:43:00,TP Petrol Dağıtım Spor Merkezi,Muratpaşa - Antalya,U3786571,U5302869
W3071335,2024-05-24,14:06:00,15:57:00,Gülen A.Ş. Spor Merkezi,Bafra - Samsun,U4798772,U3038620
W4560106,2024-09-18,11:49:00,12:25:00,Hançer Şti. Spor Merkezi,Şahinbey - Gaziantep,U8412709,U8016025
W6894498,2024-07-31,13:42:00,15:06:00,Opet Petrolcülük Spor Merkezi,Kadıköy - İstanbul,U3828708,U6835593
W9763843,2024-09-06,12:50:00,13:49:00,İhsanoğlu Ltd. Spor Merkezi,Bağlar - Diyarbakır,U7146747,U9429263
W6038652,2024-12-21,10:58:00,11:32:00,Trakya Cam Spor Merkezi,Nilüfer - Bursa,U2625506,U4972490
W4159462,2024-06-15,09:37:00,11:08:00,Kastamonu Entegre Spor Merkezi,Beypazarı - Ankara,U9723500,U3894314
W4553371,2024-09-20,12:47:00,13:23:00,Sezer A.Ş. Spor Merkezi,Mudanya - Bursa,U0378539,U6346521
W3396865,2024-02-03,16:00:00,17:33:00,Hançer Şti. Spor Merkezi,Şahinbey - Gaziantep,U8163292,U4529562
W4391708,2024-02-01,09:56:00,11:03:00,Coca-Cola İçecek Spor Merkezi,Bodrum - İzmir,U4123142,U2544600
W6785209,2024-11-08,09:18:00,10:11:00,Tiryaki Agro Gıda Spor Merkezi,Karşıyaka - İzmir,U8412709,U7568513
W8000151,2024-10-13,10:42:00,11:36:00,Coca-Cola İçecek Spor Merkezi,Bodrum - İzmir,U2274259,U6724087
W0320206,2024-04-08,15:45:00,17:14:00,Mapa İnşaat Spor Merkezi,Beşiktaş - İstanbul,,U5574316
W2475622,2024-08-08,09:41:00,11:14:00,Aslan Yorulmaz San. Spor Merkezi,Alanya - Antalya,U7885949,U7831278
W8673311,2024-06-28,07:09:00,08:21:00,Coca-Cola İçecek Spor Merkezi,Bodrum - İzmir,U6192322,U8466136
W1088205,2024-12-28,07:11:00,08:37:00,Arsoy Şafak A.Ş. Spor Merkezi,Sincan - Ankara,U1353294,U5018322
W0024067,2024-12-09,12:00:00,12:30:00,Ülker San. Spor Merkezi,Üsküdar - İstanbul,U9007499,U5268901
W9212748,2024-05-06,15:37:00,16:11:00,Aslan Yorulmaz San. Spor Merkezi,Alanya - Antalya,U5120155,U1896492
W0259430,2024-07-09,07:29:00,09:06:00,Gülen Hançer A.Ş. Spor Merkezi,Nizip - Gaziantep,U7146747,U9040168
W6283060,2024-02-04,09:21:00,11:11:00,Eren Enerji Spor Merkezi,Beyoğlu - İstanbul,U2209832,U4735730
W0016470,2024-12-22,06:41:00,08:38:00,Güçlü Ltd. Spor Merkezi,Dicle - Diyarbakır,U1963376,U6328967
W7891864,2024-08-29,10:24:00,11:01:00,TUSAŞ-Türk Havacılık ve Uzay Spor Merkezi,Fatih - İstanbul,,U1554681
W9983641,2024-04-19,14:16:00,15:15:00,İhsanoğlu Ltd. Spor Merkezi,Bağlar - Diyarbakır,U8654719,U4997797
W2851128,2024-04-01,11:56:00,13:35:00,Petrol Ofisi Spor Merkezi,Çukurova - Adana,U4832296,U8512873
W5501346,2024-10-27,14:35:00,16:13:00,Opet Petrolcülük Spor Merkezi,Kadıköy - İstanbul,U2518626,U5268901
W3214650,2024-05-07,15:25:00,16:28:00,Borçelik Çelik Sanayi Spor Merkezi,Polatlı - Ankara,U9749581,U9307303
W0673286,2024-10-23,14:11:00,15:45:00,Ülker San. Spor Merkezi,Üsküdar - İstanbul,U1817716,U0172379
W5774080,2024-04-07,14:21:00,15:06:00,Güçlü Aksu San. Spor Merkezi,Kepez - Antalya,U0594778,U8937840
W4931239,2024-01-21,15:20:00,16:32:00,Bilgin A.Ş. Spor Merkezi,Keçiören - Ankara,U3621125,U6771692
W6387101,2024-07-06,08:09:00,09:52:00,Sezgin Şti. Spor Merkezi,Bornova - İzmir,U2476227,U5887929
W4974966,2024-05-05,06:55:00,08:04:00,Trakya Cam Spor Merkezi,Nilüfer - Bursa,U8882610,U5165834
W1907443,2024-07-07,12:56:00,13:52:00,Borçelik Çelik Sanayi Spor Merkezi,Polatlı - Ankara,U7627403,U1476701
W1957804,2024-11-15,09:11:00,11:01:00,Mapa İnşaat Spor Merkezi,Beşiktaş - İstanbul,U2951101,U8376155
W0748044,2024-12-01,12:47:00,13:56:00,Trakya Cam Spor Merkezi,Nilüfer - Bursa,U1817716,U2519606
W7665631,2024-08-18,07:08:00,08:11:00,Gülen Hançer A.Ş. Spor Merkezi,Nizip - Gaziantep,U8386131,U1087190
W1191927,2024-02-13,15:58:00,17:13:00,TUSAŞ-Türk Havacılık ve Uzay Spor Merkezi,Fatih - İstanbul,U0594778,U5829235
W4043700,2024-07-09,14:12:00,15:44:00,Türk Ltd. Spor Merkezi,Selçuklu - Konya,U0688168,U4297960
W3773716,2024-01-07,09:42:00,10:37:00,Er-Bakır Elektrolitik Bakır Spor Merkezi,Bahçelievler - İstanbul,U4832296,U1857982
W0091877,2024-02-20,10:02:00,11:32:00,Türk Ltd. Spor Merkezi,Selçuklu - Konya,U6192322,U5939574
W6104131,2024-06-02,12:55:00,13:58:00,Yaman Ltd. Spor Merkezi,Şehitkamil - Gaziantep,U4123142,U0634575
W5575659,2024-08-16,13:32:00,14:38:00,Çorlu Güçlü Şti. Spor Merkezi,Osmangazi - Bursa,U4090325,U8159033
W5256102,2024-02-20,08:31:00,09:14:00,Eraslan Akar Şti. Spor Merkezi,Yüreğir - Adana,U8412709,U6774060
W5361234,2024-07-07,09:38:00,11:18:00,Zorlu Şensoy San. Spor Merkezi,Meram - Konya,U3450900,U5103792
W8700045,2024-08-20,09:10:00,10:51:00,Sarkuysan Spor Merkezi,Manavgat - Antalya,U0872684,U8723134
W1533653,2024-05-20,07:08:00,08:52:00,Eraslan Akar Şti. Spor Merkezi,Yüreğir - Adana,U8882610,U4016546
W4453054,2024-02-07,07:34:00,08:22:00,Aksu A.Ş. Spor Merkezi,Belek - Antalya,U2229673,U5292949
W2811429,2024-04-25,15:47:00,16:24:00,Zorlu Şensoy San. Spor Merkezi,Meram - Konya,U6865114,U9676397
W4550139,2024-08-11,08:15:00,08:57:00,Borçelik Çelik Sanayi Spor Merkezi,Polatlı - Ankara,U2368451,U3619535
W9392775,2024-05-16,11:05:00,13:02:00,Akdeniz Ltd. Spor Merkezi,Mamak - Ankara,U4798772,U9116419
W9400024,2024-09-06,08:28:00,10:11:00,Tarhan A.Ş. Spor Merkezi,Çankaya - Ankara,U1184558,U1572754
W0058202,2024-11-08,13:22:00,15:16:00,Tiryaki Agro Gıda Spor Merkezi,Karşıyaka - İzmir,U8654719,U1927222
W3654873,2024-07-17,06:54:00,08:27:00,Eren Enerji Spor Merkezi,Beyoğlu - İstanbul,,U6649818
W1588136,2024-05-20,15:50:00,16:33:00,Sezgin San. Spor Merkezi,Melikgazi - Kayseri,,U4946908
W0444066,2024-01-15,09:03:00,10:45:00,Tevetoğlu Tic. Spor Merkezi,Atakum - Samsun,U5120155,U8257132
W0066790,2024-06-10,14:29:00,15:22:00,Tekfen İnşaat Spor Merkezi,Bergama - İzmir,U9290849,U4283449
W8060906,2024-02-21,07:26:00,08:20:00,Gülen San. Spor Merkezi,Ataşehir - İstanbul,,U4093215
W1951875,2024-01-08,14:58:00,16:05:00,Seven San. Spor Merkezi,Çeşme - İzmir,U2894098,U2098590
W2793548,2024-11-17,07:12:00,08:14:00,Tiryaki Agro Gıda Spor Merkezi,Karşıyaka - İzmir,U2625506,U3994989
W1533798,2024-08-20,12:44:00,14:22:00,Bilgin Öcalan San. Spor Merkezi,Konak - İzmir,U1879150,U1303285
W2279839,2024-07-07,13:53:00,15:52:00,Aslan San. Spor Merkezi,Balçova - İzmir,U8685655,U0791694
W2913881,2024-08-06,06:44:00,08:00:00,Ülker San. Spor Merkezi,Üsküdar - İstanbul,U5120155,U3248142
W7501014,2024-11-13,09:28:00,10:31:00,Coca-Cola İçecek Spor Merkezi,Bodrum - İzmir,U7209665,U2544600
W1591204,2024-03-27,15:16:00,16:16:00,Karadeniz San. Spor Merkezi,Talas - Kayseri,U3450900,U5225968
W8312963,2024-02-12,14:16:00,15:17:00,İhsanoğlu Ltd. Spor Merkezi,Bağlar - Diyarbakır,U1617348,U7449994
W1590604,2024-11-23,10:05:00,11:04:00,Aslan San. Spor Merkezi,Balçova - İzmir,U5120155,U8376155
W3556785,2024-10-10,09:03:00,10:54:00,Gülen A.Ş. Spor Merkezi,Bafra - Samsun,U5154780,U0990312
W3886267,2024-05-04,15:00:00,16:32:00,Yıldırım Tic. Spor Merkezi,Silvan - Diyarbakır,,U0524471
W8522371,2024-12-02,12:18:00,13:52:00,Eren Enerji Spor Merkezi,Beyoğlu - İstanbul,U5785179,U7696945
W2049626,2024-07-09,14:33:00,15:35:00,Sarkuysan Spor Merkezi,Manavgat - Antalya,U9934238,U4552825
W7671554,2024-10-12,09:45:00,11:17:00,TP Petrol Dağıtım Spor Merkezi,Muratpaşa - Antalya,U8654719,U3386122
W6450084,2024-06-18,06:36:00,07:50:00,Mercedes-Benz Türk Spor Merkezi,Foça - İzmir,U9723500,U3645092
W1369917,2024-12-19,12:43:00,14:03:00,Aksu A.Ş. Spor Merkezi,Belek - Antalya,U5631248,U6427898
W9796308,2024-05-23,11:14:00,12:16:00,Coca-Cola İçecek Spor Merkezi,Bodrum - İzmir,U2209832,U1024132
W1238616,2024-09-04,14:27:00,16:21:00,Sezgin San. Spor Merkezi,Melikgazi - Kayseri,U7961757,U6208968
W9684639,2024-08-10,12:56:00,14:49:00,Ülker San. Spor Merkezi,Üsküdar - İstanbul,U4798772,U7931279
W8941724,2024-06-13,09:48:00,10:48:00,Tiryaki Agro Gıda Spor Merkezi,Karşıyaka - İzmir,U9732415,U2780019
W2357472,2024-10-13,15:01:00,15:51:00,Seven Duran San. Spor Merkezi,İlkadım - Samsun,U9040938,U5385374
W1855333,2024-07-26,10:11:00,12:04:00,Sezer A.Ş. Spor Merkezi,Mudanya - Bursa,U6180388,U8160422
W5319801,2024-09-13,12:26:00,13:16:00,Sakarya San. Spor Merkezi,Kartal - İstanbul,U6824557,U0166534
W2586095,2024-06-07,09:50:00,11:19:00,Aygaz Spor Merkezi,Yıldırım - Bursa,U9371674,U8541607
W8906249,2024-12-29,12:06:00,12:50:00,Ülker San. Spor Merkezi,Üsküdar - İstanbul,U5974030,U6922723
W1041187,2024-09-18,10:34:00,11:05:00,Hançer Akdeniz Tic. Spor Merkezi,Seyhan - Adana,U4798772,U3092031
W9676822,2024-07-19,06:05:00,06:35:00,Akdeniz Ltd. Spor Merkezi,Mamak - Ankara,U1879150,U1435938
W6872078,2024-10-21,10:55:00,11:46:00,Eren Enerji Spor Merkezi,Beyoğlu - İstanbul,U6574540,U6211923
W7941761,2024-08-26,11:22:00,12:06:00,TP Petrol Dağıtım Spor Merkezi,Muratpaşa - Antalya,U2036772,U5078303
W4295922,2024-06-25,11:12:00,12:13:00,Akçay Tic. Spor Merkezi,Pendik - İstanbul,U3361721,U9592368
W4466981,2024-07-26,09:12:00,10:45:00,Alemdar Güçlü Ltd. Spor Merkezi,Kocasinan - Kayseri,U5152873,U8937840
W6189386,2024-10-05,12:15:00,13:10:00,Gülen San. Spor Merkezi,Ataşehir - İstanbul,U5974030,U4529562
W9837678,2024-03-24,12:38:00,14:28:00,Güçlü Ltd. Spor Merkezi,Dicle - Diyarbakır,U2368451,U1935820
W5569931,2024-06-23,08:03:00,09:46:00,Hançer Akdeniz Tic. Spor Merkezi,Seyhan - Adana,U5631248,U7520060
W3702060,2024-07-04,12:28:00,13:12:00,Aslan Yorulmaz San. Spor Merkezi,Alanya - Antalya,,U2119251
W9687646,2024-07-04,13:25:00,15:00:00,Er-Bakır Elektrolitik Bakır Spor Merkezi,Bahçelievler - İstanbul,U9969129,U8598262
W4526329,2024-12-08,13:52:00,14:58:00,Petrol Ofisi Spor Merkezi,Çukurova - Adana,U8529273,U1283195
W3294743,2024-11-30,12:25:00,14:21:00,Mercedes-Benz Türk Spor Merkezi,Foça - İzmir,U7901598,U1087190
W4981795,2024-09-29,06:43:00,08:42:00,Sezer A.Ş. Spor Merkezi,Mudanya - Bursa,,U0524471
W1251386,2024-09-25,15:57:00,16:50:00,Karadeniz San. Spor Merkezi,Talas - Kayseri,,U8468315
W0608683,2024-01-04,13:58:00,14:29:00,Bilgin A.Ş. Spor Merkezi,Keçiören - Ankara,U4832296,U7786157
W7859636,2024-12-13,07:58:00,09:48:00,Bilgin Öcalan San. Spor Merkezi,Konak - İzmir,U8822441,U9259499
W0521867,2024-03-27,09:52:00,11:01:00,Petrol Ofisi Spor Merkezi,Çukurova - Adana,U7091788,U1614052
W8892696,2024-01-06,12:54:00,13:48:00,Güçlü Ltd. Spor Merkezi,Dicle - Diyarbakır,U2094800,U5201618
W0664087,2024-11-03,09:48:00,11:31:00,Sezer A.Ş. Spor Merkezi,Mudanya - Bursa,U1902837,U5023087
W7533600,2024-06-05,11:50:00,13:12:00,Alemdar Güçlü Ltd. Spor Merkezi,Kocasinan - Kayseri,,U6874449
W2782464,2024-07-21,06:14:00,07:30:00,İhsanoğlu Ltd. Spor Merkezi,Bağlar - Diyarbakır,U2126499,U1424268
W2770592,2024-07-09,14:34:00,15:25:00,Aygaz Spor Merkezi,Yıldırım - Bursa,U3621125,U7696945
W6005062,2024-06-02,15:20:00,16:23:00,Sezgin San. Spor Merkezi,Melikgazi - Kayseri,U9934238,U9765785
W6897603,2024-03-24,10:32:00,12:25:00,Tekfen İnşaat Spor Merkezi,Bergama - İzmir,U1353294,U1591698
W4797499,2024-07-30,11:32:00,12:43:00,Zorlu Şensoy San. Spor Merkezi,Meram - Konya,U6866195,U9686883
W7962318,2024-01-09,14:50:00,16:16:00,Alemdar Güçlü Ltd. Spor Merkezi,Kocasinan - Kayseri,U2248757,U2765391
W3698349,2024-02-15,11:35:00,12:46:00,Gülen A.Ş. Spor Merkezi,Bafra - Samsun,U4158392,U8792289
W2672004,2024-05-24,06:49:00,07:52:00,Tarhan A.Ş. Spor Merkezi,Çankaya - Ankara,U6514054,U8016450
W6372992,2024-03-19,10:55:00,12:01:00,Seven San. Spor Merkezi,Çeşme - İzmir,U2112515,U8016450
W2283708,2024-08-01,10:39:00,11:39:00,İhsanoğlu Ltd. Spor Merkezi,Bağlar - Diyarbakır,U7107775,U5304842
W3868481,2024-11-24,10:25:00,11:39:00,Tarhan A.Ş. Spor Merkezi,Çankaya - Ankara,U1184558,U0172379
W5681871,2024-08-18,10:24:00,11:23:00,Borçelik Çelik Sanayi Spor Merkezi,Polatlı - Ankara,U7107775,U8937840
W8298320,2024-03-04,06:07:00,06:50:00,Zorlu Şensoy San. Spor Merkezi,Meram - Konya,U4090325,U3967187
W8957576,2024-06-17,09:16:00,09:55:00,Güçlü Ltd. Spor Merkezi,Dicle - Diyarbakır,U6180388,U5284806
W0664166,2024-11-06,06:04:00,06:54:00,Opet Petrolcülük Spor Merkezi,Kadıköy - İstanbul,U7146747,U1820013
W6821503,2024-12-11,12:32:00,13:11:00,Sakarya San. Spor Merkezi,Kartal - İstanbul,U3450900,U4528496
W2196643,2024-10-09,11:36:00,13:02:00,TP Petrol Dağıtım Spor Merkezi,Muratpaşa - Antalya,U1523937,U5099675
W4867576,2024-08-12,12:03:00,13:02:00,Tekfen İnşaat Spor Merkezi,Kağıthane - İstanbul,U7107775,U3799874
W8350914,2024-09-08,06:38:00,07:43:00,Eren Enerji Spor Merkezi,Beyoğlu - İstanbul,U8257675,U1381613
W3237693,2024-05-03,14:47:00,15:50:00,Tevetoğlu Tic. Spor Merkezi,Atakum - Samsun,U8529273,U3038620
W6662127,2024-05-07,10:42:00,11:44:00,Seven San. Spor Merkezi,Çeşme - İzmir,U4587527,U9493390
W9990257,2024-12-22,15:26:00,16:33:00,Yaman Ltd. Spor Merkezi,Şehitkamil - Gaziantep,,U5165834
W7331878,2024-11-16,09:15:00,10:25:00,Hançer Şti. Spor Merkezi,Şahinbey - Gaziantep,U0324608,U9461945
W0289665,2024-02-13,07:29:00,09:00:00,Güçlü Ltd. Spor Merkezi,Dicle - Diyarbakır,U2518626,U5939700
W0119640,2024-08-28,15:01:00,16:38:00,Tekfen İnşaat Spor Merkezi,Kağıthane - İstanbul,U1617348,U2480516
W4315437,2024-12-16,10:39:00,12:07:00,Yıldırım Tic. Spor Merkezi,Silvan - Diyarbakır,U9339725,U2636307
W3588301,2024-09-06,07:09:00,07:47:00,Tarhan A.Ş. Spor Merkezi,Çankaya - Ankara,U2229673,U8658663
W2010177,2024-07-05,06:19:00,07:09:00,Sarkuysan Spor Merkezi,Manavgat - Antalya,U7146747,U4618342
W9908103,2024-02-16,14:07:00,14:38:00,Seven Duran San. Spor Merkezi,İlkadım - Samsun,,U2169823
W2611577,2024-02-28,07:03:00,08:49:00,Coca-Cola İçecek Spor Merkezi,Bodrum - İzmir,,U5385374
W5465505,2024-05-07,09:03:00,11:01:00,Sezgin San. Spor Merkezi,Melikgazi - Kayseri,U0863136,U0592966
W9973218,2024-09-10,15:08:00,16:45:00,Yıldırım Tic. Spor Merkezi,Silvan - Diyarbakır,U5321120,U8835552
W3064997,2024-08-10,09:44:00,10:42:00,Mercedes-Benz Türk Spor Merkezi,Foça - İzmir,U5152873,U9950933
W2233803,2024-02-25,08:46:00,10:12:00,Er-Bakır Elektrolitik Bakır Spor Merkezi,Bahçelievler - İstanbul,,U0602261
W6790782,2024-10-01,13:33:00,15:00:00,Güçlü Aksu San. Spor Merkezi,Kepez - Antalya,,U9765785
W0640518,2024-02-09,12:02:00,13:13:00,Kastamonu Entegre Spor Merkezi,Beypazarı - Ankara,U4950582,U3558398
W7823294,2024-12-21,13:19:00,15:15:00,Karadeniz San. Spor Merkezi,Talas - Kayseri,U5321120,U0990312
W7658470,2024-09-09,10:25:00,11:50:00,Sakarya San. Spor Merkezi,Kartal - İstanbul,U4798772,U5412467
W2289625,2024-08-29,11:18:00,11:55:00,Aslan Yorulmaz San. Spor Merkezi,Alanya - Antalya,U7627403,U4231959
W9580357,2024-02-28,11:55:00,13:12:00,Mercedes-Benz Türk Spor Merkezi,Foça - İzmir,U8167442,U6860673
W4016795,2024-03-03,15:54:00,17:34:00,Sezgin Şti. Spor Merkezi,Bornova - İzmir,U6865114,U6649818
W1471398,2024-12-21,10:58:00,11:54:00,Sezgin Şti. Spor Merkezi,Bornova - İzmir,,U8983777
W9823461,2024-11-25,11:48:00,13:35:00,Petrol Ofisi Spor Merkezi,Çukurova - Adana,U9084938,U4231959
W8870804,2024-11-22,11:41:00,12:50:00,Seven Duran San. Spor Merkezi,İlkadım - Samsun,U7091788,U5629264
W6674100,2024-08-14,12:44:00,13:30:00,Er-Bakır Elektrolitik Bakır Spor Merkezi,Bahçelievler - İstanbul,U2229673,U7439777
W8209702,2024-01-23,12:17:00,14:12:00,Borçelik Çelik Sanayi Spor Merkezi,Polatlı - Ankara,U7146747,U3639691
W3171190,2024-08-30,15:42:00,16:36:00,Mapa İnşaat Spor Merkezi,Beşiktaş - İstanbul,U3645875,U8969281
W9190894,2024-06-29,15:53:00,17:52:00,Sezgin San. Spor Merkezi,Melikgazi - Kayseri,U7107775,U0791469
W1347174,2024-01-11,07:10:00,08:10:00,Çorlu Güçlü Şti. Spor Merkezi,Osmangazi - Bursa,U6180388,U2234637
W2832468,2024-03-24,14:34:00,16:15:00,Alemdar Güçlü Ltd. Spor Merkezi,Kocasinan - Kayseri,U2476227,U1186691
W8013510,2024-05-11,06:49:00,08:27:00,Borçelik Çelik Sanayi Spor Merkezi,Polatlı - Ankara,U5974030,U6499737
W2206090,2024-11-14,08:25:00,09:31:00,Akçay Tic. Spor Merkezi,Pendik - İstanbul,U4242274,U7734059
W0159026,2024-08-15,11:13:00,13:01:00,Güçlü Ltd. Spor Merkezi,Dicle - Diyarbakır,U0324608,U5018322
W0951852,2024-04-06,07:07:00,08:19:00,Türk Ltd. Spor Merkezi,Selçuklu - Konya,U0066422,U9410476
W7542234,2024-07-20,13:26:00,14:58:00,Arsoy Şafak A.Ş. Spor Merkezi,Sincan - Ankara,U7209665,U6881646
W6149463,2024-03-12,14:02:00,15:00:00,Sezgin Şti. Spor Merkezi,Bornova - İzmir,U2097399,U6725037
W0633829,2024-06-12,11:06:00,12:41:00,Sakarya San. Spor Merkezi,Kartal - İstanbul,U6574540,U0166534
W2396212,2024-10-30,08:05:00,08:55:00,Sezgin Şti. Spor Merkezi,Bornova - İzmir,U3450900,U9461945
W7643507,2024-11-30,07:58:00,08:53:00,Zorlu Şensoy San. Spor Merkezi,Meram - Konya,U5114729,U2337251
W5813622,2024-07-20,07:46:00,09:28:00,Borçelik Çelik Sanayi Spor Merkezi,Polatlı - Ankara,U9007499,U8087665
W5986850,2024-01-28,08:09:00,09:11:00,Hançer Şti. Spor Merkezi,Şahinbey - Gaziantep,U8471051,U2983653
W0308292,2024-09-30,11:54:00,13:19:00,Güçlü Ltd. Spor Merkezi,Dicle - Diyarbakır,U3621125,U1350304
W5388049,2024-02-26,09:27:00,10:35:00,Türk Ltd. Spor Merkezi,Selçuklu - Konya,U9339725,U6835593
W5361069,2024-11-05,10:37:00,11:52:00,Sakarya San. Spor Merkezi,Kartal - İstanbul,U7091788,U5412467
W7070223,2024-01-26,09:29:00,10:09:00,Yaman Ltd. Spor Merkezi,Şehitkamil - Gaziantep,U1523937,U6860673
W6791294,2024-05-14,06:48:00,07:27:00,Er-Bakır Elektrolitik Bakır Spor Merkezi,Bahçelievler - İstanbul,U8882610,U8016025
W8864039,2024-01-12,14:36:00,16:17:00,Sezer A.Ş. Spor Merkezi,Mudanya - Bursa,U7146747,U4016546
W5686582,2024-07-30,09:22:00,10:25:00,Hançer Şti. Spor Merkezi,Şahinbey - Gaziantep,U9261572,U3878268
W0156311,2024-10-12,10:56:00,12:35:00,TUSAŞ-Türk Havacılık ve Uzay Spor Merkezi,Fatih - İstanbul,U6239192,U4939442
W6406150,2024-11-20,15:20:00,16:54:00,Eraslan Akar Şti. Spor Merkezi,Yüreğir - Adana,U5931979,U7301594
W0144609,2024-05-30,14:22:00,15:31:00,Hançer Akdeniz Tic. Spor Merkezi,Seyhan - Adana,U2097399,U3032409
W7032681,2024-12-13,15:28:00,16:50:00,Seven Duran San. Spor Merkezi,İlkadım - Samsun,U5114729,U9787169
W0315703,2024-12-08,10:13:00,11:46:00,Türk Ltd. Spor Merkezi,Selçuklu - Konya,U3409381,U6822878
W7412748,2024-09-03,12:21:00,13:22:00,Eraslan Akar Şti. Spor Merkezi,Yüreğir - Adana,U4587527,U6346521
W2571559,2024-11-28,11:37:00,12:56:00,Güçlü Aksu San. Spor Merkezi,Kepez - Antalya,U0954704,U5299382
W8828464,2024-11-22,13:21:00,13:55:00,TP Petrol Dağıtım Spor Merkezi,Muratpaşa - Antalya,U9934238,U0471919
W9936025,2024-08-11,11:48:00,12:34:00,Güçlü Ltd. Spor Merkezi,Dicle - Diyarbakır,U5152873,U0955893
W2227904,2024-05-14,14:11:00,14:45:00,Opet Petrolcülük Spor Merkezi,Kadıköy - İstanbul,,U6113259
W8468946,2024-05-17,08:43:00,09:18:00,Aslan Yorulmaz San. Spor Merkezi,Alanya - Antalya,U9040938,U8468315
W3234207,2024-12-12,10:18:00,11:43:00,İhsanoğlu Ltd. Spor Merkezi,Bağlar - Diyarbakır,,U9565808
W2075488,2024-01-06,08:20:00,09:51:00,Hançer Akdeniz Tic. Spor Merkezi,Seyhan - Adana,U7901598,U8558157
W9405700,2024-01-29,09:08:00,10:02:00,Seven San. Spor Merkezi,Çeşme - İzmir,U3361721,U1948128
W4238254,2024-02-07,10:25:00,11:24:00,Karadeniz San. Spor Merkezi,Talas - Kayseri,U2518626,U2585814
W9891197,2024-01-18,07:04:00,08:46:00,Aslan San. Spor Merkezi,Balçova - İzmir,U1150869,U4319220
W5907964,2024-08-30,06:56:00,07:50:00,Aslan Karadeniz Şti. Spor Merkezi,Sarıyer - İstanbul,U3962021,U4903025
W7657231,2024-04-23,10:10:00,11:26:00,Türk Ltd. Spor Merkezi,Selçuklu - Konya,U4832296,U2365357
W6591398,2024-11-25,15:33:00,16:23:00,Hançer Şti. Spor Merkezi,Şahinbey - Gaziantep,U9430030,U2285331
W2420093,2024-04-21,08:19:00,09:38:00,Güçlü Ltd. Spor Merkezi,Dicle - Diyarbakır,U8529273,U7709894
W5820844,2024-01-17,13:02:00,14:05:00,Aslan San. Spor Merkezi,Balçova - İzmir,U5154780,U2606342
W9733897,2024-05-16,10:51:00,12:29:00,Sezgin San. Spor Merkezi,Melikgazi - Kayseri,U3450900,U7180729
W2713099,2024-06-10,15:56:00,17:44:00,Tevetoğlu Tic. Spor Merkezi,Atakum - Samsun,U2725645,U6802587
W9055678,2024-11-06,14:12:00,15:08:00,Hançer Akdeniz Tic. Spor Merkezi,Seyhan - Adana,U4214455,U7404814
W5690045,2024-02-16,13:45:00,14:55:00,Duran San. Spor Merkezi,Karatay - Konya,U8654719,U2519606
W6196607,2024-09-01,14:39:00,15:40:00,Tarhan A.Ş. Spor Merkezi,Çankaya - Ankara,,U6040583
W5271250,2024-07-18,15:07:00,16:49:00,Mapa İnşaat Spor Merkezi,Beşiktaş - İstanbul,U2725645,U2295951
W1133365,2024-07-10,09:34:00,10:51:00,Alemdar Güçlü Ltd. Spor Merkezi,Kocasinan - Kayseri,U2126499,U7711522
W8396728,2024-12-14,09:44:00,10:47:00,Aslan San. Spor Merkezi,Balçova - İzmir,U2229673,U8185471
W2148390,2024-01-28,11:57:00,12:40:00,Coca-Cola İçecek Spor Merkezi,Bodrum - İzmir,U3361721,U1287220
W3519652,2024-04-24,15:05:00,15:43:00,Petrol Ofisi Spor Merkezi,Çukurova - Adana,U2257254,U9775368
W7683201,2024-07-18,11:14:00,13:00:00,Sarkuysan Spor Merkezi,Manavgat - Antalya,U7209665,U9840595
W3320313,2024-03-23,07:06:00,08:06:00,Mercedes-Benz Türk Spor Merkezi,Foça - İzmir,U2518626,U2356315
W4218611,2024-10-23,09:53:00,10:39:00,Sezgin Şti. Spor Merkezi,Bornova - İzmir,U7736004,U6525628
W3800159,2024-12-01,09:35:00,10:59:00,Çorlu Güçlü Şti. Spor Merkezi,Osmangazi - Bursa,U2861359,U5440124
W1331824,2025-01-01,15:47:00,17:34:00,Mapa İnşaat Spor Merkezi,Beşiktaş - İstanbul,U9481695,U4165848
W7016819,2024-06-28,07:55:00,09:10:00,Sezgin San. Spor Merkezi,Melikgazi - Kayseri,U8386131,U9639106
W6542488,2024-08-02,12:07:00,13:06:00,Mapa İnşaat Spor Merkezi,Beşiktaş - İstanbul,U9371674,U1381613
W1223774,2024-11-24,14:09:00,15:49:00,Tevetoğlu Tic. Spor Merkezi,Atakum - Samsun,,U6537445
W0388823,2024-04-12,15:19:00,16:59:00,Arsoy Şafak A.Ş. Spor Merkezi,Sincan - Ankara,U6865114,U7439777
W3513822,2024-07-14,07:18:00,08:51:00,Çorlu Güçlü Şti. Spor Merkezi,Osmangazi - Bursa,U8457162,U3235743
W8236422,2024-09-03,09:27:00,10:55:00,Aslan Karadeniz Şti. Spor Merkezi,Sarıyer - İstanbul,U9007499,U8658663
W9810562,2024-01-12,14:42:00,16:16:00,Aslan San. Spor Merkezi,Balçova - İzmir,,U3619535
W8174132,2024-03-01,11:30:00,12:00:00,Yıldırım Tic. Spor Merkezi,Silvan - Diyarbakır,U8685655,U4481984
W6198301,2024-06-23,07:58:00,09:42:00,Akdeniz Ltd. Spor Merkezi,Mamak - Ankara,U2861359,U4552825
W2633839,2024-06-27,14:30:00,15:05:00,Sarkuysan Spor Merkezi,Manavgat - Antalya,U1811749,U1287220
W8570373,2024-10-20,09:55:00,11:47:00,İhsanoğlu Ltd. Spor Merkezi,Bağlar - Diyarbakır,U3361721,U3606034
W3285094,2024-04-15,12:40:00,13:55:00,Duran San. Spor Merkezi,Karatay - Konya,,U0607901
W7370034,2024-03-16,09:53:00,10:48:00,Tevetoğlu Tic. Spor Merkezi,Atakum - Samsun,,U1476701
W2655976,2024-06-29,07:12:00,08:31:00,Mercedes-Benz Türk Spor Merkezi,Foça - İzmir,U2763360,U7877169
W7088444,2024-01-27,07:24:00,08:58:00,TP Petrol Dağıtım Spor Merkezi,Muratpaşa - Antalya,U7885949,U9688197
W4703652,2024-07-28,09:34:00,11:07:00,Hançer Akdeniz Tic. Spor Merkezi,Seyhan - Adana,U8529273,U4085690
W7751587,2024-03-04,13:34:00,14:20:00,Bilgin Öcalan San. Spor Merkezi,Konak - İzmir,,U5927179
W6358925,2024-01-08,14:24:00,15:51:00,İhsanoğlu Ltd. Spor Merkezi,Bağlar - Diyarbakır,U2094800,U5645732
W8217588,2024-11-16,07:52:00,08:22:00,Mapa İnşaat Spor Merkezi,Beşiktaş - İstanbul,U1454890,U2337251
W0991420,2024-06-12,11:06:00,11:39:00,İhsanoğlu Ltd. Spor Merkezi,Bağlar - Diyarbakır,U1811749,U3500949
W5326438,2024-11-14,14:25:00,15:24:00,Gülen Hançer A.Ş. Spor Merkezi,Nizip - Gaziantep,U4161524,U8038336
W5555542,2024-12-05,10:31:00,11:13:00,Akçay Tic. Spor Merkezi,Pendik - İstanbul,U5931979,U4247159
W5658828,2024-10-02,12:33:00,13:39:00,Sezgin San. Spor Merkezi,Melikgazi - Kayseri,U9969129,U6774060
W7814903,2024-10-31,06:11:00,07:51:00,Yaman Ltd. Spor Merkezi,Şehitkamil - Gaziantep,U2894098,U8969281
W4525206,2024-10-25,11:41:00,12:24:00,Bilgin Öcalan San. Spor Merkezi,Konak - İzmir,U9934238,U3573538
W4948738,2024-09-01,08:24:00,09:42:00,Gülen San. Spor Merkezi,Ataşehir - İstanbul,,U3878368
W8544908,2024-05-03,11:25:00,12:47:00,Hançer Akdeniz Tic. Spor Merkezi,Seyhan - Adana,U4090325,U0403481
W4320912,2024-11-23,14:37:00,16:16:00,Bilgin Öcalan San. Spor Merkezi,Konak - İzmir,U6932546,U5752556
W9504800,2024-03-14,15:21:00,17:05:00,Opet Petrolcülük Spor Merkezi,Kadıköy - İstanbul,U4832296,U8060469
W8493949,2024-03-04,10:26:00,11:32:00,Sakarya San. Spor Merkezi,Kartal - İstanbul,U9007499,U1948128
W5325681,2024-03-13,07:26:00,09:14:00,Güçlü Ltd. Spor Merkezi,Dicle - Diyarbakır,U2725645,U1621620
W6894581,2024-09-24,10:40:00,12:10:00,Sezgin Şti. Spor Merkezi,Bornova - İzmir,U1811749,U9188269
W6793637,2024-06-20,13:27:00,14:55:00,Duran San. Spor Merkezi,Karatay - Konya,U4019574,U9388246
W0153254,2024-01-16,14:20:00,15:02:00,Yaman Ltd. Spor Merkezi,Şehitkamil - Gaziantep,U3997689,U8782505
W7154261,2024-08-03,15:12:00,16:35:00,Kastamonu Entegre Spor Merkezi,Beypazarı - Ankara,U5974030,U1511674
W9072493,2024-04-15,06:20:00,06:55:00,Sezgin San. Spor Merkezi,Melikgazi - Kayseri,U5321120,U7497670
W1482005,2024-02-10,14:28:00,16:19:00,İhsanoğlu Ltd. Spor Merkezi,Bağlar - Diyarbakır,U9371674,U5299382
W0054366,2024-07-02,12:17:00,13:18:00,TP Petrol Dağıtım Spor Merkezi,Muratpaşa - Antalya,,U3965767
W1174312,2024-06-21,10:09:00,11:22:00,Sarkuysan Spor Merkezi,Manavgat - Antalya,U1523937,U1540520
W2117500,2024-10-12,09:25:00,11:00:00,Ülker San. Spor Merkezi,Üsküdar - İstanbul,U2229673,U6429922
W5414211,2024-09-05,13:31:00,14:34:00,Çorlu Güçlü Şti. Spor Merkezi,Osmangazi - Bursa,U2112515,U8658663
W9742057,2024-07-18,14:17:00,16:14:00,Seven San. Spor Merkezi,Çeşme - İzmir,U9290849,U4840062
W4110158,2024-10-06,09:28:00,10:43:00,Tarhan A.Ş. Spor Merkezi,Çankaya - Ankara,U5974030,U1810358
W8794339,2024-07-18,10:16:00,12:14:00,Opet Petrolcülük Spor Merkezi,Kadıköy - İstanbul,,U5998940
W8930653,2024-03-22,11:28:00,12:53:00,Alemdar Güçlü Ltd. Spor Merkezi,Kocasinan - Kayseri,U4019574,U1287220
W5401351,2024-01-09,07:25:00,08:29:00,Seven Duran San. Spor Merkezi,İlkadım - Samsun,,U5664557
W6682340,2024-09-02,08:55:00,09:35:00,Yaman Ltd. Spor Merkezi,Şehitkamil - Gaziantep,U6865114,U7831278
W2814895,2024-07-27,09:18:00,10:00:00,Er-Bakır Elektrolitik Bakır Spor Merkezi,Bahçelievler - İstanbul,U7885949,U3645092
W8831312,2024-11-25,15:21:00,17:15:00,Güçlü Aksu San. Spor Merkezi,Kepez - Antalya,U9774560,U9840595
W2058106,2024-05-06,07:47:00,09:28:00,Karadeniz San. Spor Merkezi,Talas - Kayseri,U9969129,U3503678
W4092549,2024-02-19,13:18:00,15:10:00,Aslan San. Spor Merkezi,Balçova - İzmir,U2476227,U5351983
W3499528,2024-07-08,09:09:00,10:25:00,Aslan Karadeniz Şti. Spor Merkezi,Sarıyer - İstanbul,U9007499,U3881042
W9105297,2024-09-23,06:42:00,08:25:00,Gülen Hançer A.Ş. Spor Merkezi,Nizip - Gaziantep,U4242274,U7778300
W3886558,2024-11-25,11:49:00,13:11:00,Bilgin A.Ş. Spor Merkezi,Keçiören - Ankara,,U5706047
W9883348,2024-01-29,15:33:00,16:58:00,Sarkuysan Spor Merkezi,Manavgat - Antalya,U1523937,U6992435
W8184015,2024-04-18,13:16:00,15:12:00,Hançer Şti. Spor Merkezi,Şahinbey - Gaziantep,U5321120,U5103792
W4782913,2024-12-05,15:13:00,17:06:00,Aksu A.Ş. Spor Merkezi,Belek - Antalya,U2084928,U3557873
W5497077,2024-06-23,10:07:00,10:37:00,Eraslan Akar Şti. Spor Merkezi,Yüreğir - Adana,U5152873,U3482926
W4335223,2024-09-14,14:07:00,16:05:00,Kastamonu Entegre Spor Merkezi,Beypazarı - Ankara,U8412709,U1915808
W8312760,2024-06-22,14:11:00,15:05:00,Güçlü Ltd. Spor Merkezi,Dicle - Diyarbakır,U4669086,U5510217
W1997277,2024-05-31,13:56:00,14:47:00,Yıldırım Tic. Spor Merkezi,Silvan - Diyarbakır,U2097399,U5412467
W2765541,2024-12-26,11:10:00,11:59:00,Ülker San. Spor Merkezi,Üsküdar - İstanbul,U6514054,U9840595
W9117131,2024-05-26,08:38:00,09:21:00,Eren Enerji Spor Merkezi,Beyoğlu - İstanbul,U1902837,U6032166
W4132644,2024-11-18,06:21:00,07:41:00,Arsoy Şafak A.Ş. Spor Merkezi,Sincan - Ankara,U8471051,U6328967
W6243388,2024-09-15,09:40:00,11:05:00,TUSAŞ-Türk Havacılık ve Uzay Spor Merkezi,Fatih - İstanbul,U3645875,U3493117
W0698765,2024-11-20,08:26:00,10:18:00,Gülen Hançer A.Ş. Spor Merkezi,Nizip - Gaziantep,U2476227,U9938357
W2581297,2024-07-25,14:51:00,16:00:00,Sakarya San. Spor Merkezi,Kartal - İstanbul,,U9320542
W4710043,2024-08-13,12:15:00,13:05:00,Trakya Cam Spor Merkezi,Nilüfer - Bursa,,U2186149
W1755891,2024-06-05,14:11:00,16:03:00,Opet Petrolcülük Spor Merkezi,Kadıköy - İstanbul,U5631248,U4903025
W2813770,2024-10-25,08:31:00,09:14:00,Akçay Tic. Spor Merkezi,Pendik - İstanbul,U8981890,U2538521
W8947530,2024-04-23,06:33:00,08:08:00,Eren Enerji Spor Merkezi,Beyoğlu - İstanbul,U3962021,U4399801
W1416940,2024-08-02,06:54:00,07:48:00,Sarkuysan Spor Merkezi,Manavgat - Antalya,U6865114,U9676397
W6370270,2024-01-11,09:26:00,10:23:00,Er-Bakır Elektrolitik Bakır Spor Merkezi,Bahçelievler - İstanbul,U8529273,U9188269
W8358227,2024-03-18,15:03:00,15:55:00,Mercedes-Benz Türk Spor Merkezi,Foça - İzmir,U2725645,U7575406
W3664853,2024-07-29,11:01:00,12:15:00,Seven Duran San. Spor Merkezi,İlkadım - Samsun,U0118750,U6724087
W4439523,2024-11-17,14:15:00,14:51:00,Aygaz Spor Merkezi,Yıldırım - Bursa,,U2331648
W3691488,2024-09-08,13:33:00,14:18:00,Tekfen İnşaat Spor Merkezi,Kağıthane - İstanbul,U3621125,U4135847
W3588734,2024-08-08,11:50:00,13:41:00,TUSAŞ-Türk Havacılık ve Uzay Spor Merkezi,Fatih - İstanbul,U9934238,U1316827
W7058966,2024-08-02,10:45:00,12:08:00,Sezgin Şti. Spor Merkezi,Bornova - İzmir,,U0992823
W8240756,2024-03-28,08:04:00,09:54:00,Alemdar Güçlü Ltd. Spor Merkezi,Kocasinan - Kayseri,,U9207328
W3318993,2024-07-27,14:43:00,16:01:00,Seven Duran San. Spor Merkezi,İlkadım - Samsun,,U6394659
W5305350,2024-09-19,06:13:00,06:53:00,Aslan Karadeniz Şti. Spor Merkezi,Sarıyer - İstanbul,U1879150,U8658663
W8902876,2024-04-19,13:20:00,13:54:00,Borçelik Çelik Sanayi Spor Merkezi,Polatlı - Ankara,U9339725,U0572583
W7035504,2024-12-13,11:35:00,12:28:00,TP Petrol Dağıtım Spor Merkezi,Muratpaşa - Antalya,U9749581,U5881497
W0751334,2024-08-20,07:37:00,08:22:00,Coca-Cola İçecek Spor Merkezi,Bodrum - İzmir,U6411476,U6992435
W7765601,2024-11-08,16:00:00,17:22:00,Sarkuysan Spor Merkezi,Manavgat - Antalya,U0324608,U5226030
